{"type": "FeatureCollection", "features": [{"type": "Feature", "geometry": {"type": "LineString", "coordinates": [[-73.97464299, 40.7832581], [-73.97484466, 40.78298014], [-73.97504633, 40.78270219]]}, "properties": {"block_id": "106437", "borough": "Manhattan", "shade_score": 0.726}}, {"type": "Feature", "geometry": {"type": "LineString", "coordinates": [[-73.96617476, 40.78980109], [-73.96749433, 40.79035928], [-73.9688139, 40.79091748]]}, "properties": {"block_id": "106674", "borough": "Manhattan", "shade_score": 0.397}}, {"type": "Feature", "geometry": {"type": "LineString", "coordinates": [[-73.96854902, 40.79161158], [-73.96833942, 40.79189647], [-73.96812981, 40.79218136]]}, "properties": {"block_id": "106691", "borough": "Manhattan", "shade_score": 0.919}}, {"type": "Feature", "geometry": {"type": "LineString", "coordinates": [[-73.96795027, 40.77107417], [-73.9681533, 40.77079764], [-73.96835633, 40.77052112]]}, "properties": {"block_id": "107542", "borough": "Manhattan", "shade_score": 0.0}}, {"type": "Feature", "geometry": {"type": "LineString", "coordinates": [[-73.96701531, 40.77235789], [-73.96629108, 40.77205073], [-73.96556685, 40.77174357]]}, "properties": {"block_id": "107608", "borough": "Manhattan", "shade_score": 0.903}}, {"type": "Feature", "geometry": {"type": "LineString", "coordinates": [[-73.96644478, 40.770537], [-73.9671713, 40.77084182], [-73.96789781, 40.77114664]]}, "properties": {"block_id": "107580", "borough": "Manhattan", "shade_score": 0.86}}, {"type": "Feature", "geometry": {"type": "LineString", "coordinates": [[-73.97846985, 40.78819821], [-73.97867441, 40.78791631], [-73.97887898, 40.78763441]]}, "properties": {"block_id": "106573", "borough": "Manhattan", "shade_score": 0.847}}, {"type": "Feature", "geometry": {"type": "LineString", "coordinates": [[-73.97864082, 40.77235144], [-73.97885833, 40.77205278], [-73.97907584, 40.77175411]]}, "properties": {"block_id": "111804", "borough": "Manhattan", "shade_score": 0.091}}, {"type": "Feature", "geometry": {"type": "LineString", "coordinates": [[-73.96460851, 40.79158115], [-73.96596295, 40.78972897], [-73.96731739, 40.78787679]]}, "properties": {"block_id": "111789", "borough": "Manhattan", "shade_score": 0.215}}, {"type": "Feature", "geometry": {"type": "LineString", "coordinates": [[-73.97793335, 40.78631351], [-73.97724209, 40.78602318], [-73.97655083, 40.78573286]]}, "properties": {"block_id": "106498", "borough": "Manhattan", "shade_score": 0.923}}, {"type": "Feature", "geometry": {"type": "LineString", "coordinates": [[-73.96835633, 40.77052112], [-73.96763045, 40.7702152], [-73.96690458, 40.76990928]]}, "properties": {"block_id": "107543", "borough": "Manhattan", "shade_score": 0.0}}, {"type": "Feature", "geometry": {"type": "LineString", "coordinates": [[-73.97513571, 40.77753252], [-73.97644618, 40.7780897], [-73.97775665, 40.77864688]]}, "properties": {"block_id": "106264", "borough": "Manhattan", "shade_score": 0.958}}, {"type": "Feature", "geometry": {"type": "LineString", "coordinates": [[-73.9744126, 40.78324136], [-73.97309011, 40.78268644], [-73.97176762, 40.78213152]]}, "properties": {"block_id": "106413", "borough": "Manhattan", "shade_score": 0.0}}, {"type": "Feature", "geometry": {"type": "LineString", "coordinates": [[-73.97631838, 40.78571982], [-73.97611327, 40.78600467], [-73.97590815, 40.78628951]]}, "properties": {"block_id": "106482", "borough": "Manhattan", "shade_score": 0.0}}, {"type": "Feature", "geometry": {"type": "LineString", "coordinates": [[-73.96556685, 40.77174357], [-73.9657789, 40.7714527], [-73.96599095, 40.77116182]]}, "properties": {"block_id": "107609", "borough": "Manhattan", "shade_score": 0.691}}, {"type": "Feature", "geometry": {"type": "LineString", "coordinates": [[-73.96604411, 40.77109106], [-73.96624445, 40.77081403], [-73.96644478, 40.770537]]}, "properties": {"block_id": "107583", "borough": "Manhattan", "shade_score": 0.393}}, {"type": "Feature", "geometry": {"type": "LineString", "coordinates": [[-73.9692866, 40.785175], [-73.96949545, 40.78488695], [-73.9697043, 40.78459891]]}, "properties": {"block_id": "111798", "borough": "Manhattan", "shade_score": 0.0}}, {"type": "Feature", "geometry": {"type": "LineString", "coordinates": [[-73.96739469, 40.78776923], [-73.96829087, 40.78654162], [-73.96918705, 40.78531401]]}, "properties": {"block_id": "111797", "borough": "Manhattan", "shade_score": 0.174}}, {"type": "Feature", "geometry": {"type": "LineString", "coordinates": [[-73.98727768, 40.77103063], [-73.98747795, 40.77075901], [-73.98767823, 40.77048739]]}, "properties": {"block_id": "106111", "borough": "Manhattan", "shade_score": 0.769}}, {"type": "Feature", "geometry": {"type": "LineString", "coordinates": [[-73.98191799, 40.77705711], [-73.98086646, 40.77661475], [-73.97981494, 40.7761724]]}, "properties": {"block_id": "106243", "borough": "Manhattan", "shade_score": 0.609}}, {"type": "Feature", "geometry": {"type": "LineString", "coordinates": [[-73.9716732, 40.78190284], [-73.97256114, 40.78068304], [-73.97344908, 40.77946325]]}, "properties": {"block_id": "111800", "borough": "Manhattan", "shade_score": 0.0}}, {"type": "Feature", "geometry": {"type": "LineString", "coordinates": [[-73.96530193, 40.7718028], [-73.96508747, 40.77209315], [-73.96487301, 40.77238349]]}, "properties": {"block_id": "107615", "borough": "Manhattan", "shade_score": 0.356}}, {"type": "Feature", "geometry": {"type": "LineString", "coordinates": [[-73.96504334, 40.7724568], [-73.96525689, 40.77216647], [-73.96547043, 40.77187614]]}, "properties": {"block_id": "107647", "borough": "Manhattan", "shade_score": 0.783}}, {"type": "Feature", "geometry": {"type": "LineString", "coordinates": [[-73.97558249, 40.77689701], [-73.97579287, 40.77661102], [-73.97600326, 40.77632503]]}, "properties": {"block_id": "106258", "borough": "Manhattan", "shade_score": 1.0}}, {"type": "Feature", "geometry": {"type": "LineString", "coordinates": [[-73.96975397, 40.7845312], [-73.97065539, 40.78329615], [-73.97155681, 40.7820611]]}, "properties": {"block_id": "111799", "borough": "Manhattan", "shade_score": 0.262}}, {"type": "Feature", "geometry": {"type": "LineString", "coordinates": [[-73.97589563, 40.77611555], [-73.9770243, 40.77456463], [-73.97815297, 40.77301372]]}, "properties": {"block_id": "111802", "borough": "Manhattan", "shade_score": 0.147}}, {"type": "Feature", "geometry": {"type": "LineString", "coordinates": [[-73.96672794, 40.79919512], [-73.96737244, 40.79946697], [-73.96801694, 40.79973883]]}, "properties": {"block_id": "106900", "borough": "Manhattan", "shade_score": 0.179}}, {"type": "Feature", "geometry": {"type": "LineString", "coordinates": [[-73.96789781, 40.77114664], [-73.96769377, 40.77142513], [-73.96748972, 40.77170361]]}, "properties": {"block_id": "107581", "borough": "Manhattan", "shade_score": 0.0}}, {"type": "Feature", "geometry": {"type": "LineString", "coordinates": [[-73.96551653, 40.77440867], [-73.96531019, 40.7746886], [-73.96510385, 40.77496853]]}, "properties": {"block_id": "107749", "borough": "Manhattan", "shade_score": 0.0}}, {"type": "Feature", "geometry": {"type": "LineString", "coordinates": [[-73.98318721, 40.78435195], [-73.98291755, 40.78460989], [-73.98264789, 40.78486783]]}, "properties": {"block_id": "106454", "borough": "Manhattan", "shade_score": 0.0}}, {"type": "Feature", "geometry": {"type": "LineString", "coordinates": [[-73.98940106, 40.7728471], [-73.98897052, 40.77343641], [-73.98853998, 40.77402571]]}, "properties": {"block_id": "106138", "borough": "Manhattan", "shade_score": 0.191}}, {"type": "Feature", "geometry": {"type": "LineString", "coordinates": [[-73.98823617, 40.77890787], [-73.98809986, 40.77917152], [-73.98796355, 40.77943517]]}, "properties": {"block_id": "106304", "borough": "Manhattan", "shade_score": 0.001}}, {"type": "Feature", "geometry": {"type": "LineString", "coordinates": [[-73.96499389, 40.77252814], [-73.9657171, 40.77283281], [-73.96644031, 40.77313747]]}, "properties": {"block_id": "107676", "borough": "Manhattan", "shade_score": 0.513}}, {"type": "Feature", "geometry": {"type": "LineString", "coordinates": [[-73.98096167, 40.7825768], [-73.98148232, 40.78279599], [-73.98200296, 40.78301517]]}, "properties": {"block_id": "106421", "borough": "Manhattan", "shade_score": 0.371}}, {"type": "Feature", "geometry": {"type": "LineString", "coordinates": [[-73.97562702, 40.78700051], [-73.97583228, 40.78672015], [-73.97603755, 40.7864398]]}, "properties": {"block_id": "106538", "borough": "Manhattan", "shade_score": 0.431}}, {"type": "Feature", "geometry": {"type": "LineString", "coordinates": [[-73.98607844, 40.77230806], [-73.98476796, 40.77175073], [-73.98345747, 40.7711934]]}, "properties": {"block_id": "106155", "borough": "Manhattan", "shade_score": 0.63}}, {"type": "Feature", "geometry": {"type": "LineString", "coordinates": [[-73.97967465, 40.77602212], [-73.97987858, 40.77574387], [-73.98008251, 40.77546562]]}, "properties": {"block_id": "106204", "borough": "Manhattan", "shade_score": 0.0}}, {"type": "Feature", "geometry": {"type": "LineString", "coordinates": [[-73.97504633, 40.78270219], [-73.97637416, 40.78326248], [-73.97770198, 40.78382277]]}, "properties": {"block_id": "106438", "borough": "Manhattan", "shade_score": 0.299}}, {"type": "Feature", "geometry": {"type": "LineString", "coordinates": [[-73.98080079, 40.78917848], [-73.97963532, 40.78868834], [-73.97846985, 40.78819821]]}, "properties": {"block_id": "106572", "borough": "Manhattan", "shade_score": 0.938}}, {"type": "Feature", "geometry": {"type": "LineString", "coordinates": [[-73.96691781, 40.77248521], [-73.96670715, 40.77277466], [-73.96649648, 40.77306412]]}, "properties": {"block_id": "107645", "borough": "Manhattan", "shade_score": 0.0}}, {"type": "Feature", "geometry": {"type": "LineString", "coordinates": [[-73.98231187, 40.77640564], [-73.98261893, 40.77653485], [-73.98292599, 40.77666406]]}, "properties": {"block_id": "106260", "borough": "Manhattan", "shade_score": 0.748}}, {"type": "Feature", "geometry": {"type": "LineString", "coordinates": [[-73.97986712, 40.77609998], [-73.98006971, 40.7758222], [-73.9802723, 40.77554442]]}, "properties": {"block_id": "106228", "borough": "Manhattan", "shade_score": 0.531}}, {"type": "Feature", "geometry": {"type": "LineString", "coordinates": [[-73.97869536, 40.78755002], [-73.97849164, 40.78783242], [-73.97828793, 40.78811481]]}, "properties": {"block_id": "106560", "borough": "Manhattan", "shade_score": 0.0}}, {"type": "Feature", "geometry": {"type": "LineString", "coordinates": [[-73.97165318, 40.79211477], [-73.97032661, 40.79155448], [-73.96900003, 40.79099419]]}, "properties": {"block_id": "106671", "borough": "Manhattan", "shade_score": 0.749}}, {"type": "Feature", "geometry": {"type": "LineString", "coordinates": [[-73.97048606, 40.79914039], [-73.97117874, 40.7994293], [-73.97187143, 40.79971821]]}, "properties": {"block_id": "106896", "borough": "Manhattan", "shade_score": 0.469}}, {"type": "Feature", "geometry": {"type": "LineString", "coordinates": [[-73.97417651, 40.78389456], [-73.97550493, 40.7844559], [-73.97683335, 40.78501724]]}, "properties": {"block_id": "106442", "borough": "Manhattan", "shade_score": 0.889}}, {"type": "Feature", "geometry": {"type": "LineString", "coordinates": [[-73.97643451, 40.78838636], [-73.97621341, 40.78865078], [-73.97599232, 40.7889152]]}, "properties": {"block_id": "107014", "borough": "Manhattan", "shade_score": 0.093}}, {"type": "Feature", "geometry": {"type": "LineString", "coordinates": [[-73.97698173, 40.77497977], [-73.97677997, 40.77525596], [-73.97657822, 40.77553216]]}, "properties": {"block_id": "106217", "borough": "Manhattan", "shade_score": 0.798}}, {"type": "Feature", "geometry": {"type": "LineString", "coordinates": [[-73.97789547, 40.78898492], [-73.97768656, 40.78927042], [-73.97747766, 40.78955591]]}, "properties": {"block_id": "106610", "borough": "Manhattan", "shade_score": 0.908}}, {"type": "Feature", "geometry": {"type": "LineString", "coordinates": [[-73.97701997, 40.78509353], [-73.97722507, 40.78481223], [-73.97743017, 40.78453094]]}, "properties": {"block_id": "106480", "borough": "Manhattan", "shade_score": 0.334}}, {"type": "Feature", "geometry": {"type": "LineString", "coordinates": [[-73.97235236, 40.79149324], [-73.97293723, 40.79173828], [-73.9735221, 40.79198331]]}, "properties": {"block_id": "106666", "borough": "Manhattan", "shade_score": 0.911}}, {"type": "Feature", "geometry": {"type": "LineString", "coordinates": [[-73.9684141, 40.79899138], [-73.96861531, 40.79871215], [-73.96881652, 40.79843291]]}, "properties": {"block_id": "106884", "borough": "Manhattan", "shade_score": 0.0}}, {"type": "Feature", "geometry": {"type": "LineString", "coordinates": [[-73.97378712, 40.79219082], [-73.97437074, 40.79243654], [-73.97495436, 40.79268226]]}, "properties": {"block_id": "106697", "borough": "Manhattan", "shade_score": 0.383}}, {"type": "Feature", "geometry": {"type": "LineString", "coordinates": [[-73.96447068, 40.77052045], [-73.96514442, 40.77080736], [-73.96581817, 40.77109426]]}, "properties": {"block_id": "107576", "borough": "Manhattan", "shade_score": 0.417}}, {"type": "Feature", "geometry": {"type": "LineString", "coordinates": [[-73.96978713, 40.79711065], [-73.96920094, 40.79686154], [-73.96861475, 40.79661243]]}, "properties": {"block_id": "106804", "borough": "Manhattan", "shade_score": 0.907}}, {"type": "Feature", "geometry": {"type": "LineString", "coordinates": [[-73.97088225, 40.78333801], [-73.97108775, 40.78305655], [-73.97129325, 40.78277509]]}, "properties": {"block_id": "106428", "borough": "Manhattan", "shade_score": 1.0}}, {"type": "Feature", "geometry": {"type": "LineString", "coordinates": [[-73.97371808, 40.77944697], [-73.97504159, 40.78000441], [-73.9763651, 40.78056186]]}, "properties": {"block_id": "106328", "borough": "Manhattan", "shade_score": 0.965}}, {"type": "Feature", "geometry": {"type": "LineString", "coordinates": [[-73.98436265, 40.78318188], [-73.98413119, 40.78346178], [-73.9838601, 40.78370423]]}, "properties": {"block_id": "107071", "borough": "Manhattan", "shade_score": 0.013}}, {"type": "Feature", "geometry": {"type": "LineString", "coordinates": [[-73.98794916, 40.76978048], [-73.9877503, 40.77005048], [-73.98755144, 40.77032048]]}, "properties": {"block_id": "104099", "borough": "Manhattan", "shade_score": 0.0}}, {"type": "Feature", "geometry": {"type": "LineString", "coordinates": [[-73.96815351, 40.79724496], [-73.96835751, 40.79696423], [-73.9685615, 40.79668349]]}, "properties": {"block_id": "106821", "borough": "Manhattan", "shade_score": 0.714}}, {"type": "Feature", "geometry": {"type": "LineString", "coordinates": [[-73.98532138, 40.7810003], [-73.98544727, 40.78068232], [-73.98557316, 40.78036434]]}, "properties": {"block_id": "111858", "borough": "Manhattan", "shade_score": 0.009}}, {"type": "Feature", "geometry": {"type": "LineString", "coordinates": [[-73.97138437, 40.79282001], [-73.9719681, 40.79306501], [-73.97255182, 40.79331002]]}, "properties": {"block_id": "106722", "borough": "Manhattan", "shade_score": 0.28}}, {"type": "Feature", "geometry": {"type": "LineString", "coordinates": [[-73.9849967, 40.77415857], [-73.98520361, 40.77387696], [-73.98541052, 40.77359535]]}, "properties": {"block_id": "106173", "borough": "Manhattan", "shade_score": 0.738}}, {"type": "Feature", "geometry": {"type": "LineString", "coordinates": [[-73.97770198, 40.78382277], [-73.97750133, 40.78410017], [-73.97730068, 40.78437757]]}, "properties": {"block_id": "106439", "borough": "Manhattan", "shade_score": 0.0}}, {"type": "Feature", "geometry": {"type": "LineString", "coordinates": [[-73.98196816, 40.78552086], [-73.98137724, 40.78527194], [-73.98078632, 40.78502301]]}, "properties": {"block_id": "106475", "borough": "Manhattan", "shade_score": 0.95}}, {"type": "Feature", "geometry": {"type": "LineString", "coordinates": [[-73.96624368, 40.79726057], [-73.96687882, 40.79752261], [-73.96751355, 40.79778751]]}, "properties": {"block_id": "112023", "borough": "Manhattan", "shade_score": 0.243}}, {"type": "Feature", "geometry": {"type": "LineString", "coordinates": [[-73.97941082, 40.77672599], [-73.98064767, 40.77724787], [-73.98188453, 40.77776974]]}, "properties": {"block_id": "106241", "borough": "Manhattan", "shade_score": 0.905}}, {"type": "Feature", "geometry": {"type": "LineString", "coordinates": [[-73.97916274, 40.78181866], [-73.97783755, 40.78125947], [-73.97651236, 40.78070028]]}, "properties": {"block_id": "106373", "borough": "Manhattan", "shade_score": 0.106}}, {"type": "Feature", "geometry": {"type": "LineString", "coordinates": [[-73.9843246, 40.77982892], [-73.98411806, 40.78011779], [-73.98391151, 40.78040666]]}, "properties": {"block_id": "106341", "borough": "Manhattan", "shade_score": 0.36}}, {"type": "Feature", "geometry": {"type": "LineString", "coordinates": [[-73.97004974, 40.79731679], [-73.96984689, 40.79759275], [-73.96964404, 40.7978687]]}, "properties": {"block_id": "106839", "borough": "Manhattan", "shade_score": 0.778}}, {"type": "Feature", "geometry": {"type": "LineString", "coordinates": [[-73.97655856, 40.78063233], [-73.97788568, 40.78119136], [-73.9792128, 40.78175039]]}, "properties": {"block_id": "106358", "borough": "Manhattan", "shade_score": 0.791}}, {"type": "Feature", "geometry": {"type": "LineString", "coordinates": [[-73.97037093, 40.78911758], [-73.97016977, 40.78939547], [-73.9699686, 40.78967336]]}, "properties": {"block_id": "106656", "borough": "Manhattan", "shade_score": 0.865}}, {"type": "Feature", "geometry": {"type": "LineString", "coordinates": [[-73.98490581, 40.77904269], [-73.98356205, 40.77847342], [-73.98221829, 40.77790415]]}, "properties": {"block_id": "106281", "borough": "Manhattan", "shade_score": 0.781}}, {"type": "Feature", "geometry": {"type": "LineString", "coordinates": [[-73.97894166, 40.78246071], [-73.97963764, 40.78275411], [-73.98033363, 40.78304751]]}, "properties": {"block_id": "106399", "borough": "Manhattan", "shade_score": 0.903}}, {"type": "Feature", "geometry": {"type": "LineString", "coordinates": [[-73.98378699, 40.77037964], [-73.98306818, 40.77007869], [-73.98234937, 40.76977774]]}, "properties": {"block_id": "106095", "borough": "Manhattan", "shade_score": 0.026}}, {"type": "Feature", "geometry": {"type": "LineString", "coordinates": [[-73.97886518, 40.77239969], [-73.98018416, 40.7729569], [-73.98150314, 40.77351411]]}, "properties": {"block_id": "106131", "borough": "Manhattan", "shade_score": 0.946}}, {"type": "Feature", "geometry": {"type": "LineString", "coordinates": [[-73.97607971, 40.78905228], [-73.97665969, 40.78929716], [-73.97723967, 40.78954203]]}, "properties": {"block_id": "106614", "borough": "Manhattan", "shade_score": 0.681}}, {"type": "Feature", "geometry": {"type": "LineString", "coordinates": [[-73.97472993, 40.79332129], [-73.9749355, 40.79304241], [-73.97514106, 40.79276353]]}, "properties": {"block_id": "106717", "borough": "Manhattan", "shade_score": 0.725}}, {"type": "Feature", "geometry": {"type": "LineString", "coordinates": [[-73.97305931, 40.7926172], [-73.97247553, 40.79237138], [-73.97189175, 40.79212555]]}, "properties": {"block_id": "106682", "borough": "Manhattan", "shade_score": 0.897}}, {"type": "Feature", "geometry": {"type": "LineString", "coordinates": [[-73.9823788, 40.77304108], [-73.98279597, 40.77207709], [-73.98345747, 40.7711934]]}, "properties": {"block_id": "107085", "borough": "Manhattan", "shade_score": 0.089}}, {"type": "Feature", "geometry": {"type": "LineString", "coordinates": [[-73.97069617, 40.78833338], [-73.97089746, 40.78805666], [-73.97109875, 40.78777994]]}, "properties": {"block_id": "106549", "borough": "Manhattan", "shade_score": 0.0}}, {"type": "Feature", "geometry": {"type": "LineString", "coordinates": [[-73.97566708, 40.78961116], [-73.97587339, 40.78933172], [-73.97607971, 40.78905228]]}, "properties": {"block_id": "106617", "borough": "Manhattan", "shade_score": 0.758}}, {"type": "Feature", "geometry": {"type": "LineString", "coordinates": [[-73.97429455, 40.79149233], [-73.97449768, 40.79121273], [-73.97470081, 40.79093312]]}, "properties": {"block_id": "106664", "borough": "Manhattan", "shade_score": 0.907}}, {"type": "Feature", "geometry": {"type": "LineString", "coordinates": [[-73.97465454, 40.7781656], [-73.97486229, 40.77788271], [-73.97507004, 40.77759982]]}, "properties": {"block_id": "106313", "borough": "Manhattan", "shade_score": 0.952}}, {"type": "Feature", "geometry": {"type": "LineString", "coordinates": [[-73.97254004, 40.79909194], [-73.9717683, 40.79876537], [-73.97099657, 40.7984388]]}, "properties": {"block_id": "106849", "borough": "Manhattan", "shade_score": 0.963}}, {"type": "Feature", "geometry": {"type": "LineString", "coordinates": [[-73.98239207, 40.77316651], [-73.98357133, 40.77366287], [-73.98475059, 40.77415923]]}, "properties": {"block_id": "106163", "borough": "Manhattan", "shade_score": 0.02}}, {"type": "Feature", "geometry": {"type": "LineString", "coordinates": [[-73.98219512, 40.77472919], [-73.98218329, 40.7750723], [-73.98217145, 40.77541542]]}, "properties": {"block_id": "107049", "borough": "Manhattan", "shade_score": 0.806}}, {"type": "Feature", "geometry": {"type": "LineString", "coordinates": [[-73.97174411, 40.78723044], [-73.97307248, 40.78778995], [-73.97440086, 40.78834946]]}, "properties": {"block_id": "106563", "borough": "Manhattan", "shade_score": 0.422}}, {"type": "Feature", "geometry": {"type": "LineString", "coordinates": [[-73.96745677, 40.79786898], [-73.96702497, 40.79846013], [-73.96659317, 40.79905129]]}, "properties": {"block_id": "106867", "borough": "Manhattan", "shade_score": 0.0}}, {"type": "Feature", "geometry": {"type": "LineString", "coordinates": [[-73.96649997, 40.77046637], [-73.96722512, 40.77077027], [-73.96795027, 40.77107417]]}, "properties": {"block_id": "107541", "borough": "Manhattan", "shade_score": 0.91}}, {"type": "Feature", "geometry": {"type": "LineString", "coordinates": [[-73.96880995, 40.76989259], [-73.96860968, 40.77017032], [-73.96840942, 40.77044804]]}, "properties": {"block_id": "107509", "borough": "Manhattan", "shade_score": 0.0}}, {"type": "Feature", "geometry": {"type": "LineString", "coordinates": [[-73.97359996, 40.79716843], [-73.97352183, 40.79749846], [-73.97344371, 40.79782848]]}, "properties": {"block_id": "106811", "borough": "Manhattan", "shade_score": 0.029}}, {"type": "Feature", "geometry": {"type": "LineString", "coordinates": [[-73.98209576, 40.77718805], [-73.98208627, 40.77750255], [-73.98207678, 40.77781705]]}, "properties": {"block_id": "107052", "borough": "Manhattan", "shade_score": 0.742}}, {"type": "Feature", "geometry": {"type": "LineString", "coordinates": [[-73.98808897, 40.77464668], [-73.98677503, 40.77409169], [-73.9854611, 40.7735367]]}, "properties": {"block_id": "106141", "borough": "Manhattan", "shade_score": 0.623}}, {"type": "Feature", "geometry": {"type": "LineString", "coordinates": [[-73.9732144, 40.79031266], [-73.97379757, 40.79055869], [-73.97438073, 40.79080472]]}, "properties": {"block_id": "106645", "borough": "Manhattan", "shade_score": 0.888}}, {"type": "Feature", "geometry": {"type": "LineString", "coordinates": [[-73.97262219, 40.79078954], [-73.97282389, 40.7905102], [-73.97302559, 40.79023087]]}, "properties": {"block_id": "106654", "borough": "Manhattan", "shade_score": 0.0}}, {"type": "Feature", "geometry": {"type": "LineString", "coordinates": [[-73.97818014, 40.78316962], [-73.97685062, 40.7826128], [-73.9755211, 40.78205598]]}, "properties": {"block_id": "106409", "borough": "Manhattan", "shade_score": 0.515}}, {"type": "Feature", "geometry": {"type": "LineString", "coordinates": [[-73.96842464, 40.79653839], [-73.96708448, 40.79597255], [-73.9657426, 40.79546394]]}, "properties": {"block_id": "107077", "borough": "Manhattan", "shade_score": 0.433}}, {"type": "Feature", "geometry": {"type": "LineString", "coordinates": [[-73.97657822, 40.77553216], [-73.97789756, 40.7760901], [-73.97921691, 40.77664804]]}, "properties": {"block_id": "106218", "borough": "Manhattan", "shade_score": 0.926}}, {"type": "Feature", "geometry": {"type": "LineString", "coordinates": [[-73.98216624, 40.77146509], [-73.98217555, 40.77180819], [-73.98218486, 40.77215128]]}, "properties": {"block_id": "107045", "borough": "Manhattan", "shade_score": 0.133}}, {"type": "Feature", "geometry": {"type": "LineString", "coordinates": [[-73.96896524, 40.78596628], [-73.96917208, 40.78568224], [-73.96937891, 40.78539821]]}, "properties": {"block_id": "106511", "borough": "Manhattan", "shade_score": 0.761}}, {"type": "Feature", "geometry": {"type": "LineString", "coordinates": [[-73.98124219, 40.78177387], [-73.98135265, 40.78145116], [-73.98146311, 40.78112846]]}, "properties": {"block_id": "106377", "borough": "Manhattan", "shade_score": 0.781}}, {"type": "Feature", "geometry": {"type": "LineString", "coordinates": [[-73.96764368, 40.79793865], [-73.96744167, 40.79821935], [-73.96723965, 40.79850005]]}, "properties": {"block_id": "106886", "borough": "Manhattan", "shade_score": 0.611}}, {"type": "Feature", "geometry": {"type": "LineString", "coordinates": [[-73.9857076, 40.78042616], [-73.98870888, 40.77806536], [-73.99153577, 40.7744928]]}, "properties": {"block_id": "107054", "borough": "Manhattan", "shade_score": 0.38}}, {"type": "Feature", "geometry": {"type": "LineString", "coordinates": [[-73.97834744, 40.78574726], [-73.9781404, 40.78603038], [-73.97793335, 40.78631351]]}, "properties": {"block_id": "106497", "borough": "Manhattan", "shade_score": 0.0}}, {"type": "Feature", "geometry": {"type": "LineString", "coordinates": [[-73.96959231, 40.79794225], [-73.97017575, 40.79818828], [-73.9707592, 40.79843432]]}, "properties": {"block_id": "106851", "borough": "Manhattan", "shade_score": 0.469}}, {"type": "Feature", "geometry": {"type": "LineString", "coordinates": [[-73.98234379, 40.77561014], [-73.98286143, 40.77582373], [-73.98337908, 40.77603733]]}, "properties": {"block_id": "106229", "borough": "Manhattan", "shade_score": 0.77}}, {"type": "Feature", "geometry": {"type": "LineString", "coordinates": [[-73.98195687, 40.77616256], [-73.98113973, 40.77581894], [-73.98032259, 40.77547533]]}, "properties": {"block_id": "106215", "borough": "Manhattan", "shade_score": 0.977}}, {"type": "Feature", "geometry": {"type": "LineString", "coordinates": [[-73.97690075, 40.79295222], [-73.97670876, 40.7942987], [-73.97597442, 40.79542834]]}, "properties": {"block_id": "602375", "borough": "Manhattan", "shade_score": 0.0}}, {"type": "Feature", "geometry": {"type": "LineString", "coordinates": [[-73.97817087, 40.77808186], [-73.97684783, 40.7775266], [-73.9755248, 40.77697133]]}, "properties": {"block_id": "106266", "borough": "Manhattan", "shade_score": 0.615}}, {"type": "Feature", "geometry": {"type": "LineString", "coordinates": [[-73.98213359, 40.77635892], [-73.98212096, 40.77669009], [-73.98210834, 40.77702127]]}, "properties": {"block_id": "107051", "borough": "Manhattan", "shade_score": 0.876}}, {"type": "Feature", "geometry": {"type": "LineString", "coordinates": [[-73.98472056, 40.78240079], [-73.98394745, 40.78207693], [-73.98317434, 40.78175306]]}, "properties": {"block_id": "106380", "borough": "Manhattan", "shade_score": 0.93}}, {"type": "Feature", "geometry": {"type": "LineString", "coordinates": [[-73.98099379, 40.78249615], [-73.98110478, 40.78217407], [-73.98121577, 40.78185198]]}, "properties": {"block_id": "106397", "borough": "Manhattan", "shade_score": 0.834}}, {"type": "Feature", "geometry": {"type": "LineString", "coordinates": [[-73.97347699, 40.78452214], [-73.97215318, 40.78396691], [-73.97082937, 40.78341168]]}, "properties": {"block_id": "106448", "borough": "Manhattan", "shade_score": 0.14}}, {"type": "Feature", "geometry": {"type": "LineString", "coordinates": [[-73.97306276, 40.78508948], [-73.97326988, 40.78480581], [-73.97347699, 40.78452214]]}, "properties": {"block_id": "106447", "borough": "Manhattan", "shade_score": 0.0}}, {"type": "Feature", "geometry": {"type": "LineString", "coordinates": [[-73.96695889, 40.79344325], [-73.96564198, 40.7928886], [-73.96432507, 40.79233395]]}, "properties": {"block_id": "106733", "borough": "Manhattan", "shade_score": 0.777}}, {"type": "Feature", "geometry": {"type": "LineString", "coordinates": [[-73.97324795, 40.79535557], [-73.97400641, 40.79567524], [-73.97476487, 40.79599491]]}, "properties": {"block_id": "106797", "borough": "Manhattan", "shade_score": 0.0}}, {"type": "Feature", "geometry": {"type": "LineString", "coordinates": [[-73.96861475, 40.79661243], [-73.96881753, 40.79633451], [-73.96902032, 40.79605658]]}, "properties": {"block_id": "106805", "borough": "Manhattan", "shade_score": 0.774}}, {"type": "Feature", "geometry": {"type": "LineString", "coordinates": [[-73.97407752, 40.79151299], [-73.97388227, 40.79177919], [-73.97368702, 40.7920454]]}, "properties": {"block_id": "107019", "borough": "Manhattan", "shade_score": 0.0}}, {"type": "Feature", "geometry": {"type": "LineString", "coordinates": [[-73.9857076, 40.78042616], [-73.98540721, 40.78115906], [-73.98510683, 40.78189196]]}, "properties": {"block_id": "111960", "borough": "Manhattan", "shade_score": 0.0}}, {"type": "Feature", "geometry": {"type": "LineString", "coordinates": [[-73.98227563, 40.77752057], [-73.98236197, 40.77741701], [-73.98244831, 40.77731344]]}, "properties": {"block_id": "106269", "borough": "Manhattan", "shade_score": 0.975}}, {"type": "Feature", "geometry": {"type": "LineString", "coordinates": [[-73.97754778, 40.78709165], [-73.97732748, 40.78734773], [-73.97710718, 40.78760381]]}, "properties": {"block_id": "107012", "borough": "Manhattan", "shade_score": 0.0}}, {"type": "Feature", "geometry": {"type": "LineString", "coordinates": [[-73.97988024, 40.7836953], [-73.9800898, 40.78341101], [-73.98029936, 40.78312671]]}, "properties": {"block_id": "106419", "borough": "Manhattan", "shade_score": 0.0}}, {"type": "Feature", "geometry": {"type": "LineString", "coordinates": [[-73.97723966, 40.78445532], [-73.9759117, 40.78389822], [-73.97458374, 40.78334113]]}, "properties": {"block_id": "106444", "borough": "Manhattan", "shade_score": 0.208}}, {"type": "Feature", "geometry": {"type": "LineString", "coordinates": [[-73.98826923, 40.77880827], [-73.98788638, 40.77865423], [-73.98750352, 40.77850019]]}, "properties": {"block_id": "106276", "borough": "Manhattan", "shade_score": 0.903}}, {"type": "Feature", "geometry": {"type": "LineString", "coordinates": [[-73.98485458, 40.77911047], [-73.98464506, 40.77940133], [-73.98443554, 40.77969218]]}, "properties": {"block_id": "106287", "borough": "Manhattan", "shade_score": 0.0}}, {"type": "Feature", "geometry": {"type": "LineString", "coordinates": [[-73.97191828, 40.79479454], [-73.97249064, 40.79503473], [-73.97306299, 40.79527492]]}, "properties": {"block_id": "106762", "borough": "Manhattan", "shade_score": 0.571}}, {"type": "Feature", "geometry": {"type": "LineString", "coordinates": [[-73.98404388, 40.78055684], [-73.98465966, 40.78081742], [-73.98527543, 40.781078]]}, "properties": {"block_id": "106362", "borough": "Manhattan", "shade_score": 0.681}}, {"type": "Feature", "geometry": {"type": "LineString", "coordinates": [[-73.9837274, 40.77046294], [-73.98352922, 40.77073438], [-73.98333105, 40.77100581]]}, "properties": {"block_id": "106101", "borough": "Manhattan", "shade_score": 0.0}}, {"type": "Feature", "geometry": {"type": "LineString", "coordinates": [[-73.98264398, 40.78507044], [-73.98334388, 40.78534875], [-73.98404378, 40.78562705]]}, "properties": {"block_id": "602361", "borough": "Manhattan", "shade_score": 0.0}}, {"type": "Feature", "geometry": {"type": "LineString", "coordinates": [[-73.97742654, 40.78962457], [-73.97859904, 40.79011445], [-73.97977153, 40.79060434]]}, "properties": {"block_id": "106626", "borough": "Manhattan", "shade_score": 0.655}}, {"type": "Feature", "geometry": {"type": "LineString", "coordinates": [[-73.98708218, 40.77602314], [-73.98577426, 40.77547225], [-73.98446635, 40.77492135]]}, "properties": {"block_id": "106283", "borough": "Manhattan", "shade_score": 0.0}}, {"type": "Feature", "geometry": {"type": "LineString", "coordinates": [[-73.97036656, 40.78404761], [-73.97169034, 40.78460251], [-73.97301412, 40.78515742]]}, "properties": {"block_id": "106469", "borough": "Manhattan", "shade_score": 0.375}}, {"type": "Feature", "geometry": {"type": "LineString", "coordinates": [[-73.975867, 40.79142869], [-73.97566401, 40.79170894], [-73.97546101, 40.7919892]]}, "properties": {"block_id": "106662", "borough": "Manhattan", "shade_score": 0.0}}, {"type": "Feature", "geometry": {"type": "LineString", "coordinates": [[-73.97063812, 40.78841416], [-73.96931513, 40.78785529], [-73.96799214, 40.78729641]]}, "properties": {"block_id": "106570", "borough": "Manhattan", "shade_score": 0.218}}, {"type": "Feature", "geometry": {"type": "LineString", "coordinates": [[-73.97799813, 40.78883866], [-73.97820907, 40.78855209], [-73.97842002, 40.78826553]]}, "properties": {"block_id": "106593", "borough": "Manhattan", "shade_score": 0.893}}, {"type": "Feature", "geometry": {"type": "LineString", "coordinates": [[-73.98033363, 40.78304751], [-73.98048623, 40.78274261], [-73.98063884, 40.78243771]]}, "properties": {"block_id": "106400", "borough": "Manhattan", "shade_score": 0.0}}, {"type": "Feature", "geometry": {"type": "LineString", "coordinates": [[-73.98960854, 40.7729523], [-73.98941428, 40.77321946], [-73.98922003, 40.77348663]]}, "properties": {"block_id": "106168", "borough": "Manhattan", "shade_score": 0.604}}, {"type": "Feature", "geometry": {"type": "LineString", "coordinates": [[-73.96950643, 40.79029491], [-73.97083404, 40.79085542], [-73.97216166, 40.79141593]]}, "properties": {"block_id": "106659", "borough": "Manhattan", "shade_score": 0.689}}, {"type": "Feature", "geometry": {"type": "LineString", "coordinates": [[-73.96769215, 40.79787277], [-73.96827845, 40.7981187], [-73.96886475, 40.79836463]]}, "properties": {"block_id": "106836", "borough": "Manhattan", "shade_score": 0.911}}, {"type": "Feature", "geometry": {"type": "LineString", "coordinates": [[-73.96902032, 40.79605658], [-73.96960505, 40.79630288], [-73.97018979, 40.79654918]]}, "properties": {"block_id": "106802", "borough": "Manhattan", "shade_score": 0.266}}, {"type": "Feature", "geometry": {"type": "LineString", "coordinates": [[-73.97363519, 40.79708808], [-73.97300318, 40.79682196], [-73.97237116, 40.79655584]]}, "properties": {"block_id": "106793", "borough": "Manhattan", "shade_score": 0.778}}, {"type": "Feature", "geometry": {"type": "LineString", "coordinates": [[-73.98560195, 40.77845327], [-73.98645388, 40.77728494], [-73.98730581, 40.77611661]]}, "properties": {"block_id": "106270", "borough": "Manhattan", "shade_score": 0.799}}, {"type": "Feature", "geometry": {"type": "LineString", "coordinates": [[-73.98509648, 40.77911935], [-73.98529577, 40.77884482], [-73.98549506, 40.77857029]]}, "properties": {"block_id": "106302", "borough": "Manhattan", "shade_score": 0.722}}, {"type": "Feature", "geometry": {"type": "LineString", "coordinates": [[-73.97981578, 40.79054029], [-73.98002626, 40.79025675], [-73.98023674, 40.78997322]]}, "properties": {"block_id": "106612", "borough": "Manhattan", "shade_score": 0.0}}, {"type": "Feature", "geometry": {"type": "LineString", "coordinates": [[-73.96973134, 40.7971772], [-73.9695314, 40.79745757], [-73.96933147, 40.79773794]]}, "properties": {"block_id": "106819", "borough": "Manhattan", "shade_score": 0.265}}, {"type": "Feature", "geometry": {"type": "LineString", "coordinates": [[-73.97977244, 40.78384114], [-73.97906927, 40.78354526], [-73.9783661, 40.78324937]]}, "properties": {"block_id": "106436", "borough": "Manhattan", "shade_score": 0.103}}, {"type": "Feature", "geometry": {"type": "LineString", "coordinates": [[-73.98191837, 40.77696361], [-73.98089275, 40.7765318], [-73.97986712, 40.77609998]]}, "properties": {"block_id": "106227", "borough": "Manhattan", "shade_score": 0.892}}, {"type": "Feature", "geometry": {"type": "LineString", "coordinates": [[-73.97977153, 40.79060434], [-73.97956742, 40.79088612], [-73.97936332, 40.79116789]]}, "properties": {"block_id": "106627", "borough": "Manhattan", "shade_score": 0.0}}, {"type": "Feature", "geometry": {"type": "LineString", "coordinates": [[-73.97702363, 40.79018198], [-73.97722509, 40.78990328], [-73.97742654, 40.78962457]]}, "properties": {"block_id": "106629", "borough": "Manhattan", "shade_score": 0.825}}, {"type": "Feature", "geometry": {"type": "LineString", "coordinates": [[-73.96715834, 40.79352848], [-73.96736478, 40.79324617], [-73.96757122, 40.79296387]]}, "properties": {"block_id": "106729", "borough": "Manhattan", "shade_score": 0.75}}, {"type": "Feature", "geometry": {"type": "LineString", "coordinates": [[-73.97022154, 40.79407707], [-73.97001243, 40.79436105], [-73.96980333, 40.79464504]]}, "properties": {"block_id": "106727", "borough": "Manhattan", "shade_score": 0.0}}, {"type": "Feature", "geometry": {"type": "LineString", "coordinates": [[-73.97794673, 40.78382595], [-73.97864275, 40.78411958], [-73.97933877, 40.78441322]]}, "properties": {"block_id": "106434", "borough": "Manhattan", "shade_score": 0.932}}, {"type": "Feature", "geometry": {"type": "LineString", "coordinates": [[-73.98084683, 40.78240571], [-73.98095036, 40.78210075], [-73.98105388, 40.7817958]]}, "properties": {"block_id": "107038", "borough": "Manhattan", "shade_score": 0.271}}, {"type": "Feature", "geometry": {"type": "LineString", "coordinates": [[-73.9782074, 40.77294725], [-73.97839669, 40.77268925], [-73.97858599, 40.77243125]]}, "properties": {"block_id": "111803", "borough": "Manhattan", "shade_score": 0.195}}, {"type": "Feature", "geometry": {"type": "LineString", "coordinates": [[-73.97911441, 40.77170272], [-73.98028824, 40.77008478], [-73.98146208, 40.76846684]]}, "properties": {"block_id": "111805", "borough": "Manhattan", "shade_score": 0.195}}, {"type": "Feature", "geometry": {"type": "LineString", "coordinates": [[-73.96547043, 40.77187614], [-73.96619412, 40.77218068], [-73.96691781, 40.77248521]]}, "properties": {"block_id": "107644", "borough": "Manhattan", "shade_score": 0.402}}, {"type": "Feature", "geometry": {"type": "LineString", "coordinates": [[-73.98191131, 40.77955382], [-73.98200284, 40.77922149], [-73.98209438, 40.77888916]]}, "properties": {"block_id": "106339", "borough": "Manhattan", "shade_score": 0.937}}, {"type": "Feature", "geometry": {"type": "LineString", "coordinates": [[-73.97874934, 40.78748377], [-73.97826378, 40.78727818], [-73.97777821, 40.7870726]]}, "properties": {"block_id": "106541", "borough": "Manhattan", "shade_score": 0.881}}, {"type": "Feature", "geometry": {"type": "LineString", "coordinates": [[-73.99020685, 40.77390461], [-73.98989327, 40.77416685], [-73.98961308, 40.77446395]]}, "properties": {"block_id": "107058", "borough": "Manhattan", "shade_score": 0.02}}, {"type": "Feature", "geometry": {"type": "LineString", "coordinates": [[-73.98751619, 40.78014264], [-73.98713751, 40.77998303], [-73.98699783, 40.78001422]]}, "properties": {"block_id": "112057", "borough": "Manhattan", "shade_score": 0.862}}, {"type": "Feature", "geometry": {"type": "LineString", "coordinates": [[-73.98354752, 40.77107676], [-73.98486095, 40.77162224], [-73.98617438, 40.77216773]]}, "properties": {"block_id": "106120", "borough": "Manhattan", "shade_score": 0.697}}, {"type": "Feature", "geometry": {"type": "LineString", "coordinates": [[-73.98782708, 40.7778151], [-73.98812159, 40.77719946], [-73.9884161, 40.77658382]]}, "properties": {"block_id": "106254", "borough": "Manhattan", "shade_score": 0.956}}, {"type": "Feature", "geometry": {"type": "LineString", "coordinates": [[-73.98212908, 40.76980681], [-73.98213525, 40.77015228], [-73.98214143, 40.77049776]]}, "properties": {"block_id": "107043", "borough": "Manhattan", "shade_score": 0.474}}, {"type": "Feature", "geometry": {"type": "LineString", "coordinates": [[-73.98967373, 40.77461043], [-73.98947838, 40.7748799], [-73.98928304, 40.77514937]]}, "properties": {"block_id": "106224", "borough": "Manhattan", "shade_score": 0.0}}, {"type": "Feature", "geometry": {"type": "LineString", "coordinates": [[-73.98120629, 40.7844461], [-73.98185754, 40.78472191], [-73.9825088, 40.78499772]]}, "properties": {"block_id": "106473", "borough": "Manhattan", "shade_score": 0.261}}, {"type": "Feature", "geometry": {"type": "LineString", "coordinates": [[-73.98167225, 40.77871161], [-73.98183324, 40.77878167], [-73.98199423, 40.77885172]]}, "properties": {"block_id": "106307", "borough": "Manhattan", "shade_score": 0.701}}, {"type": "Feature", "geometry": {"type": "LineString", "coordinates": [[-73.97214531, 40.79387107], [-73.97155959, 40.79362403], [-73.97097388, 40.793377]]}, "properties": {"block_id": "106724", "borough": "Manhattan", "shade_score": 0.82}}, {"type": "Feature", "geometry": {"type": "LineString", "coordinates": [[-73.98481685, 40.77406356], [-73.98544765, 40.77318581], [-73.98607844, 40.77230806]]}, "properties": {"block_id": "106154", "borough": "Manhattan", "shade_score": 0.001}}, {"type": "Feature", "geometry": {"type": "LineString", "coordinates": [[-73.98033863, 40.7898315], [-73.97916838, 40.78933508], [-73.97799813, 40.78883866]]}, "properties": {"block_id": "106592", "borough": "Manhattan", "shade_score": 0.967}}, {"type": "Feature", "geometry": {"type": "LineString", "coordinates": [[-73.98730581, 40.77611661], [-73.9878039, 40.77632733], [-73.98830198, 40.77653805]]}, "properties": {"block_id": "106271", "borough": "Manhattan", "shade_score": 0.6}}, {"type": "Feature", "geometry": {"type": "LineString", "coordinates": [[-73.97841096, 40.77809009], [-73.97862101, 40.77780115], [-73.97883105, 40.77751221]]}, "properties": {"block_id": "106290", "borough": "Manhattan", "shade_score": 0.415}}, {"type": "Feature", "geometry": {"type": "LineString", "coordinates": [[-73.97824489, 40.78819215], [-73.97803268, 40.78847818], [-73.97782046, 40.78876422]]}, "properties": {"block_id": "106575", "borough": "Manhattan", "shade_score": 0.0}}, {"type": "Feature", "geometry": {"type": "LineString", "coordinates": [[-73.96662363, 40.7891745], [-73.96794569, 40.78972998], [-73.96926774, 40.79028547]]}, "properties": {"block_id": "106622", "borough": "Manhattan", "shade_score": 0.42}}, {"type": "Feature", "geometry": {"type": "LineString", "coordinates": [[-73.98023673, 40.7705212], [-73.98110209, 40.77088613], [-73.98196746, 40.77125106]]}, "properties": {"block_id": "106105", "borough": "Manhattan", "shade_score": 0.941}}, {"type": "Feature", "geometry": {"type": "LineString", "coordinates": [[-73.97683335, 40.78501724], [-73.97703651, 40.78473628], [-73.97723966, 40.78445532]]}, "properties": {"block_id": "106443", "borough": "Manhattan", "shade_score": 0.0}}, {"type": "Feature", "geometry": {"type": "LineString", "coordinates": [[-73.97518783, 40.79269318], [-73.97539077, 40.79241649], [-73.97559371, 40.79213981]]}, "properties": {"block_id": "106713", "borough": "Manhattan", "shade_score": 0.772}}, {"type": "Feature", "geometry": {"type": "LineString", "coordinates": [[-73.97024598, 40.79648028], [-73.96965854, 40.79623503], [-73.9690711, 40.79598978]]}, "properties": {"block_id": "106779", "borough": "Manhattan", "shade_score": 0.911}}, {"type": "Feature", "geometry": {"type": "LineString", "coordinates": [[-73.97702722, 40.78770029], [-73.97679672, 40.7879665], [-73.97656622, 40.78823271]]}, "properties": {"block_id": "107013", "borough": "Manhattan", "shade_score": 0.0}}, {"type": "Feature", "geometry": {"type": "LineString", "coordinates": [[-73.98260046, 40.78511693], [-73.97990881, 40.79066459], [-73.97624614, 40.7954021]]}, "properties": {"block_id": "111902", "borough": "Manhattan", "shade_score": 0.103}}, {"type": "Feature", "geometry": {"type": "LineString", "coordinates": [[-73.97325278, 40.78516644], [-73.97345599, 40.78488604], [-73.9736592, 40.78460565]]}, "properties": {"block_id": "106484", "borough": "Manhattan", "shade_score": 0.0}}, {"type": "Feature", "geometry": {"type": "LineString", "coordinates": [[-73.98878199, 40.77739974], [-73.98864878, 40.77734472], [-73.98851556, 40.77728971]]}, "properties": {"block_id": "106250", "borough": "Manhattan", "shade_score": 0.69}}, {"type": "Feature", "geometry": {"type": "LineString", "coordinates": [[-73.974103, 40.79387193], [-73.97351146, 40.79362483], [-73.97291992, 40.79337773]]}, "properties": {"block_id": "106720", "borough": "Manhattan", "shade_score": 0.923}}, {"type": "Feature", "geometry": {"type": "LineString", "coordinates": [[-73.9685615, 40.79668349], [-73.96914642, 40.79693034], [-73.96973134, 40.7971772]]}, "properties": {"block_id": "106818", "borough": "Manhattan", "shade_score": 0.772}}, {"type": "Feature", "geometry": {"type": "LineString", "coordinates": [[-73.97962626, 40.77609009], [-73.97830399, 40.77553493], [-73.97698173, 40.77497977]]}, "properties": {"block_id": "106220", "borough": "Manhattan", "shade_score": 0.315}}, {"type": "Feature", "geometry": {"type": "LineString", "coordinates": [[-73.9821996, 40.77308877], [-73.98221395, 40.77344202], [-73.9822283, 40.77379527]]}, "properties": {"block_id": "107047", "borough": "Manhattan", "shade_score": 0.097}}, {"type": "Feature", "geometry": {"type": "LineString", "coordinates": [[-73.98225802, 40.77801698], [-73.9835563, 40.77856372], [-73.98485458, 40.77911047]]}, "properties": {"block_id": "106286", "borough": "Manhattan", "shade_score": 0.397}}, {"type": "Feature", "geometry": {"type": "LineString", "coordinates": [[-73.97362115, 40.79213831], [-73.97342824, 40.79240452], [-73.97323533, 40.79267073]]}, "properties": {"block_id": "107020", "borough": "Manhattan", "shade_score": 0.008}}, {"type": "Feature", "geometry": {"type": "LineString", "coordinates": [[-73.97748675, 40.77936103], [-73.97881432, 40.77991925], [-73.9801419, 40.78047747]]}, "properties": {"block_id": "106320", "borough": "Manhattan", "shade_score": 0.927}}, {"type": "Feature", "geometry": {"type": "LineString", "coordinates": [[-73.9881308, 40.76985903], [-73.98945054, 40.77041703], [-73.99077028, 40.77097504]]}, "properties": {"block_id": "104116", "borough": "Manhattan", "shade_score": 0.15}}, {"type": "Feature", "geometry": {"type": "LineString", "coordinates": [[-73.97819472, 40.78651074], [-73.97867575, 40.78671452], [-73.97915678, 40.78691831]]}, "properties": {"block_id": "106539", "borough": "Manhattan", "shade_score": 0.566}}, {"type": "Feature", "geometry": {"type": "LineString", "coordinates": [[-73.98055359, 40.77991499], [-73.97922631, 40.77935647], [-73.97789903, 40.77879795]]}, "properties": {"block_id": "106322", "borough": "Manhattan", "shade_score": 0.21}}, {"type": "Feature", "geometry": {"type": "LineString", "coordinates": [[-73.97609706, 40.79552926], [-73.97564408, 40.79576408], [-73.97519671, 40.79601231]]}, "properties": {"block_id": "111904", "borough": "Manhattan", "shade_score": 0.0}}, {"type": "Feature", "geometry": {"type": "LineString", "coordinates": [[-73.97610017, 40.78126365], [-73.97742802, 40.78182222], [-73.97875587, 40.78238079]]}, "properties": {"block_id": "106371", "borough": "Manhattan", "shade_score": 0.809}}, {"type": "Feature", "geometry": {"type": "LineString", "coordinates": [[-73.97515983, 40.79031106], [-73.9757461, 40.79055449], [-73.97633237, 40.79079792]]}, "properties": {"block_id": "106641", "borough": "Manhattan", "shade_score": 0.853}}, {"type": "Feature", "geometry": {"type": "LineString", "coordinates": [[-73.98287373, 40.77163601], [-73.98260796, 40.77152401], [-73.98234218, 40.77141201]]}, "properties": {"block_id": "106118", "borough": "Manhattan", "shade_score": 0.845}}, {"type": "Feature", "geometry": {"type": "LineString", "coordinates": [[-73.96673368, 40.76983847], [-73.96653298, 40.77011444], [-73.96633229, 40.7703904]]}, "properties": {"block_id": "107505", "borough": "Manhattan", "shade_score": 0.051}}, {"type": "Feature", "geometry": {"type": "LineString", "coordinates": [[-73.96452313, 40.77045161], [-73.96519841, 40.77073613], [-73.96587369, 40.77102066]]}, "properties": {"block_id": "107537", "borough": "Manhattan", "shade_score": 0.611}}, {"type": "Feature", "geometry": {"type": "LineString", "coordinates": [[-73.96706128, 40.77253425], [-73.96546124, 40.77473226], [-73.96386121, 40.77693026]]}, "properties": {"block_id": "111771", "borough": "Manhattan", "shade_score": 0.0}}, {"type": "Feature", "geometry": {"type": "LineString", "coordinates": [[-73.96603356, 40.77369878], [-73.96530715, 40.77339482], [-73.96458073, 40.77309086]]}, "properties": {"block_id": "107678", "borough": "Manhattan", "shade_score": 0.679}}, {"type": "Feature", "geometry": {"type": "LineString", "coordinates": [[-73.98468592, 40.78248688], [-73.98454813, 40.78279667], [-73.98441034, 40.78310645]]}, "properties": {"block_id": "106391", "borough": "Manhattan", "shade_score": 0.0}}, {"type": "Feature", "geometry": {"type": "LineString", "coordinates": [[-73.98075929, 40.78925242], [-73.98054896, 40.78954196], [-73.98033863, 40.7898315]]}, "properties": {"block_id": "106591", "borough": "Manhattan", "shade_score": 0.022}}, {"type": "Feature", "geometry": {"type": "LineString", "coordinates": [[-73.97246652, 40.794003], [-73.97266834, 40.79372384], [-73.97287016, 40.79344468]]}, "properties": {"block_id": "106748", "borough": "Manhattan", "shade_score": 0.9}}, {"type": "Feature", "geometry": {"type": "LineString", "coordinates": [[-73.97561624, 40.78967777], [-73.97619864, 40.78992544], [-73.97678104, 40.79017312]]}, "properties": {"block_id": "106630", "borough": "Manhattan", "shade_score": 0.55}}, {"type": "Feature", "geometry": {"type": "LineString", "coordinates": [[-73.97218889, 40.79647404], [-73.97160691, 40.79622996], [-73.97102492, 40.79598587]]}, "properties": {"block_id": "106783", "borough": "Manhattan", "shade_score": 0.936}}, {"type": "Feature", "geometry": {"type": "LineString", "coordinates": [[-73.98223453, 40.7739287], [-73.9822219, 40.7742694], [-73.98220928, 40.77461011]]}, "properties": {"block_id": "107048", "borough": "Manhattan", "shade_score": 0.633}}, {"type": "Feature", "geometry": {"type": "LineString", "coordinates": [[-73.98224554, 40.78302292], [-73.98245101, 40.78274195], [-73.98265648, 40.78246099]]}, "properties": {"block_id": "106416", "borough": "Manhattan", "shade_score": 0.538}}, {"type": "Feature", "geometry": {"type": "LineString", "coordinates": [[-73.97399482, 40.78890865], [-73.97266617, 40.78834698], [-73.97133752, 40.78778531]]}, "properties": {"block_id": "106565", "borough": "Manhattan", "shade_score": 0.739}}, {"type": "Feature", "geometry": {"type": "LineString", "coordinates": [[-73.98200042, 40.7721807], [-73.98086244, 40.77170251], [-73.97972447, 40.77122431]]}, "properties": {"block_id": "106147", "borough": "Manhattan", "shade_score": 0.871}}, {"type": "Feature", "geometry": {"type": "LineString", "coordinates": [[-73.9722975, 40.7915655], [-73.97288028, 40.79181176], [-73.97346305, 40.79205803]]}, "properties": {"block_id": "106680", "borough": "Manhattan", "shade_score": 0.266}}, {"type": "Feature", "geometry": {"type": "LineString", "coordinates": [[-73.9787488, 40.77728456], [-73.97742603, 40.7767312], [-73.97610327, 40.77617785]]}, "properties": {"block_id": "106247", "borough": "Manhattan", "shade_score": 0.971}}, {"type": "Feature", "geometry": {"type": "LineString", "coordinates": [[-73.97145476, 40.79781361], [-73.97230427, 40.79816936], [-73.97315378, 40.7985251]]}, "properties": {"block_id": "106833", "borough": "Manhattan", "shade_score": 0.962}}, {"type": "Feature", "geometry": {"type": "LineString", "coordinates": [[-73.98013334, 40.77539343], [-73.98033688, 40.77511518], [-73.98054042, 40.77483693]]}, "properties": {"block_id": "106180", "borough": "Manhattan", "shade_score": 0.953}}, {"type": "Feature", "geometry": {"type": "LineString", "coordinates": [[-73.98101587, 40.78436471], [-73.98080316, 40.78465414], [-73.98059046, 40.78494358]]}, "properties": {"block_id": "106466", "borough": "Manhattan", "shade_score": 0.063}}, {"type": "Feature", "geometry": {"type": "LineString", "coordinates": [[-73.96483769, 40.79162511], [-73.96504351, 40.79134025], [-73.96524933, 40.7910554]]}, "properties": {"block_id": "106684", "borough": "Manhattan", "shade_score": 0.685}}, {"type": "Feature", "geometry": {"type": "LineString", "coordinates": [[-73.97468041, 40.7933898], [-73.97547828, 40.79372514], [-73.97627614, 40.79406047]]}, "properties": {"block_id": "106730", "borough": "Manhattan", "shade_score": 0.522}}, {"type": "Feature", "geometry": {"type": "LineString", "coordinates": [[-73.97280962, 40.79086699], [-73.97301201, 40.79058983], [-73.9732144, 40.79031266]]}, "properties": {"block_id": "106648", "borough": "Manhattan", "shade_score": 0.761}}, {"type": "Feature", "geometry": {"type": "LineString", "coordinates": [[-73.9727544, 40.79094011], [-73.97255338, 40.79121667], [-73.97235236, 40.79149324]]}, "properties": {"block_id": "106665", "borough": "Manhattan", "shade_score": 0.38}}, {"type": "Feature", "geometry": {"type": "LineString", "coordinates": [[-73.97097132, 40.79605644], [-73.9715546, 40.79630512], [-73.97213787, 40.79655379]]}, "properties": {"block_id": "106798", "borough": "Manhattan", "shade_score": 0.8}}, {"type": "Feature", "geometry": {"type": "LineString", "coordinates": [[-73.9817759, 40.77856866], [-73.98193729, 40.77831874], [-73.98209868, 40.77806882]]}, "properties": {"block_id": "106297", "borough": "Manhattan", "shade_score": 0.483}}, {"type": "Feature", "geometry": {"type": "LineString", "coordinates": [[-73.97794984, 40.7787261], [-73.9781536, 40.7784435], [-73.97835736, 40.7781609]]}, "properties": {"block_id": "106315", "borough": "Manhattan", "shade_score": 0.347}}, {"type": "Feature", "geometry": {"type": "LineString", "coordinates": [[-73.97660774, 40.78844036], [-73.97715663, 40.78867266], [-73.97770551, 40.78890495]]}, "properties": {"block_id": "106598", "borough": "Manhattan", "shade_score": 0.103}}, {"type": "Feature", "geometry": {"type": "LineString", "coordinates": [[-73.97627047, 40.79396591], [-73.9755002, 40.7936436], [-73.97472993, 40.79332129]]}, "properties": {"block_id": "106716", "borough": "Manhattan", "shade_score": 0.933}}, {"type": "Feature", "geometry": {"type": "LineString", "coordinates": [[-73.9802705, 40.78063246], [-73.98070182, 40.78081283], [-73.98113314, 40.7809932]]}, "properties": {"block_id": "106366", "borough": "Manhattan", "shade_score": 0.737}}, {"type": "Feature", "geometry": {"type": "LineString", "coordinates": [[-73.97418034, 40.78898521], [-73.97438399, 40.78870533], [-73.97458764, 40.78842546]]}, "properties": {"block_id": "106597", "borough": "Manhattan", "shade_score": 0.355}}, {"type": "Feature", "geometry": {"type": "LineString", "coordinates": [[-73.97189175, 40.79212555], [-73.97209463, 40.79184552], [-73.9722975, 40.7915655]]}, "properties": {"block_id": "106683", "borough": "Manhattan", "shade_score": 0.412}}, {"type": "Feature", "geometry": {"type": "LineString", "coordinates": [[-73.98032259, 40.77547533], [-73.98052488, 40.77519652], [-73.98072718, 40.77491772]]}, "properties": {"block_id": "106216", "borough": "Manhattan", "shade_score": 0.973}}, {"type": "Feature", "geometry": {"type": "LineString", "coordinates": [[-73.9662179, 40.78973037], [-73.96642076, 40.78945244], [-73.96662363, 40.7891745]]}, "properties": {"block_id": "106625", "borough": "Manhattan", "shade_score": 0.987}}, {"type": "Feature", "geometry": {"type": "LineString", "coordinates": [[-73.98848885, 40.77409683], [-73.98828891, 40.77437175], [-73.98808897, 40.77464668]]}, "properties": {"block_id": "106140", "borough": "Manhattan", "shade_score": 0.619}}, {"type": "Feature", "geometry": {"type": "LineString", "coordinates": [[-73.96794636, 40.79210294], [-73.9666253, 40.79154344], [-73.96530423, 40.79098393]]}, "properties": {"block_id": "106689", "borough": "Manhattan", "shade_score": 0.812}}, {"type": "Feature", "geometry": {"type": "LineString", "coordinates": [[-73.98928304, 40.77514937], [-73.98969444, 40.7753218], [-73.99010584, 40.77549424]]}, "properties": {"block_id": "106221", "borough": "Manhattan", "shade_score": 0.0}}, {"type": "Feature", "geometry": {"type": "LineString", "coordinates": [[-73.99029003, 40.77404239], [-73.98998513, 40.77425861], [-73.9897216, 40.77452071]]}, "properties": {"block_id": "107057", "borough": "Manhattan", "shade_score": 0.0}}, {"type": "Feature", "geometry": {"type": "LineString", "coordinates": [[-73.9638824, 40.79799665], [-73.96521268, 40.79855667], [-73.96654295, 40.79911669]]}, "properties": {"block_id": "106859", "borough": "Manhattan", "shade_score": 0.023}}, {"type": "Feature", "geometry": {"type": "LineString", "coordinates": [[-73.97191137, 40.7946284], [-73.97212093, 40.79434077], [-73.97233049, 40.79405315]]}, "properties": {"block_id": "111854", "borough": "Manhattan", "shade_score": 0.587}}, {"type": "Feature", "geometry": {"type": "LineString", "coordinates": [[-73.97967578, 40.78621314], [-73.97919851, 40.78601199], [-73.97872124, 40.78581085]]}, "properties": {"block_id": "106506", "borough": "Manhattan", "shade_score": 0.91}}, {"type": "Feature", "geometry": {"type": "LineString", "coordinates": [[-73.96838982, 40.79148988], [-73.96707688, 40.7909117], [-73.96574343, 40.79037651]]}, "properties": {"block_id": "106672", "borough": "Manhattan", "shade_score": 0.845}}, {"type": "Feature", "geometry": {"type": "LineString", "coordinates": [[-73.97921244, 40.78685043], [-73.9787319, 40.78664935], [-73.97825136, 40.78644828]]}, "properties": {"block_id": "106525", "borough": "Manhattan", "shade_score": 0.839}}, {"type": "Feature", "geometry": {"type": "LineString", "coordinates": [[-73.97794722, 40.77365429], [-73.97926752, 40.77421115], [-73.98058783, 40.77476801]]}, "properties": {"block_id": "106157", "borough": "Manhattan", "shade_score": 0.978}}, {"type": "Feature", "geometry": {"type": "LineString", "coordinates": [[-73.98830198, 40.77653805], [-73.98769864, 40.77781296], [-73.98709529, 40.77908787]]}, "properties": {"block_id": "106272", "borough": "Manhattan", "shade_score": 0.904}}, {"type": "Feature", "geometry": {"type": "LineString", "coordinates": [[-73.97302559, 40.79023087], [-73.97169826, 40.78967422], [-73.97037093, 40.78911758]]}, "properties": {"block_id": "106655", "borough": "Manhattan", "shade_score": 0.41}}, {"type": "Feature", "geometry": {"type": "LineString", "coordinates": [[-73.96830444, 40.7967034], [-73.96696332, 40.79614002], [-73.96567986, 40.79553778]]}, "properties": {"block_id": "107076", "borough": "Manhattan", "shade_score": 0.171}}, {"type": "Feature", "geometry": {"type": "LineString", "coordinates": [[-73.97397548, 40.79135995], [-73.97339255, 40.79111347], [-73.97280962, 40.79086699]]}, "properties": {"block_id": "106647", "borough": "Manhattan", "shade_score": 0.874}}, {"type": "Feature", "geometry": {"type": "LineString", "coordinates": [[-73.97775665, 40.77864688], [-73.97796376, 40.77836437], [-73.97817087, 40.77808186]]}, "properties": {"block_id": "106265", "borough": "Manhattan", "shade_score": 0.0}}, {"type": "Feature", "geometry": {"type": "LineString", "coordinates": [[-73.98435138, 40.77471206], [-73.98338211, 40.7743046], [-73.98241285, 40.77389714]]}, "properties": {"block_id": "106165", "borough": "Manhattan", "shade_score": 0.95}}, {"type": "Feature", "geometry": {"type": "LineString", "coordinates": [[-73.97748888, 40.77428055], [-73.97881111, 40.77483699], [-73.98013334, 40.77539343]]}, "properties": {"block_id": "106179", "borough": "Manhattan", "shade_score": 0.939}}, {"type": "Feature", "geometry": {"type": "LineString", "coordinates": [[-73.96805278, 40.78721544], [-73.96937448, 40.78777441], [-73.97069617, 40.78833338]]}, "properties": {"block_id": "106548", "borough": "Manhattan", "shade_score": 0.881}}, {"type": "Feature", "geometry": {"type": "LineString", "coordinates": [[-73.97010505, 40.79723553], [-73.97068886, 40.79748088], [-73.97127267, 40.79772623]]}, "properties": {"block_id": "106815", "borough": "Manhattan", "shade_score": 0.93}}, {"type": "Feature", "geometry": {"type": "LineString", "coordinates": [[-73.98504293, 40.77919324], [-73.98483707, 40.77947462], [-73.98463121, 40.779756]]}, "properties": {"block_id": "106347", "borough": "Manhattan", "shade_score": 0.945}}, {"type": "Feature", "geometry": {"type": "LineString", "coordinates": [[-73.97146078, 40.80027791], [-73.97077263, 40.79998836], [-73.97008449, 40.79969881]]}, "properties": {"block_id": "106898", "borough": "Manhattan", "shade_score": 0.545}}, {"type": "Feature", "geometry": {"type": "LineString", "coordinates": [[-73.97557851, 40.78706744], [-73.97622764, 40.78734232], [-73.97687676, 40.78761721]]}, "properties": {"block_id": "106555", "borough": "Manhattan", "shade_score": 0.166}}, {"type": "Feature", "geometry": {"type": "LineString", "coordinates": [[-73.96806348, 40.79967209], [-73.96742034, 40.79940199], [-73.9667772, 40.79913188]]}, "properties": {"block_id": "106889", "borough": "Manhattan", "shade_score": 0.877}}, {"type": "Feature", "geometry": {"type": "LineString", "coordinates": [[-73.9900336, 40.77557717], [-73.98980531, 40.77583224], [-73.98957702, 40.7760873]]}, "properties": {"block_id": "106238", "borough": "Manhattan", "shade_score": 0.076}}, {"type": "Feature", "geometry": {"type": "LineString", "coordinates": [[-73.98199423, 40.77885172], [-73.98189681, 40.77917936], [-73.98179939, 40.779507]]}, "properties": {"block_id": "106308", "borough": "Manhattan", "shade_score": 0.899}}, {"type": "Feature", "geometry": {"type": "LineString", "coordinates": [[-73.97633237, 40.79079792], [-73.97612759, 40.79107462], [-73.97592281, 40.79135132]]}, "properties": {"block_id": "106642", "borough": "Manhattan", "shade_score": 0.0}}, {"type": "Feature", "geometry": {"type": "LineString", "coordinates": [[-73.98763914, 40.77526622], [-73.98631792, 40.7747124], [-73.9849967, 40.77415857]]}, "properties": {"block_id": "106172", "borough": "Manhattan", "shade_score": 0.989}}, {"type": "Feature", "geometry": {"type": "LineString", "coordinates": [[-73.97419427, 40.77880438], [-73.97439696, 40.77851923], [-73.97459966, 40.77823408]]}, "properties": {"block_id": "106323", "borough": "Manhattan", "shade_score": 1.0}}, {"type": "Feature", "geometry": {"type": "LineString", "coordinates": [[-73.98009042, 40.78054765], [-73.97876409, 40.77998856], [-73.97743775, 40.77942947]]}, "properties": {"block_id": "106338", "borough": "Manhattan", "shade_score": 0.21}}, {"type": "Feature", "geometry": {"type": "LineString", "coordinates": [[-73.9801419, 40.78047747], [-73.98034774, 40.78019623], [-73.98055359, 40.77991499]]}, "properties": {"block_id": "106321", "borough": "Manhattan", "shade_score": 0.194}}, {"type": "Feature", "geometry": {"type": "LineString", "coordinates": [[-73.98132994, 40.78096194], [-73.98141779, 40.78065222], [-73.98150564, 40.7803425]]}, "properties": {"block_id": "107040", "borough": "Manhattan", "shade_score": 0.284}}, {"type": "Feature", "geometry": {"type": "LineString", "coordinates": [[-73.99037079, 40.77151648], [-73.98905232, 40.77096027], [-73.98773386, 40.77040406]]}, "properties": {"block_id": "104114", "borough": "Manhattan", "shade_score": 0.0}}, {"type": "Feature", "geometry": {"type": "LineString", "coordinates": [[-73.97935446, 40.77679454], [-73.98061259, 40.77732399], [-73.98187072, 40.77785344]]}, "properties": {"block_id": "106296", "borough": "Manhattan", "shade_score": 0.421}}, {"type": "Feature", "geometry": {"type": "LineString", "coordinates": [[-73.98115427, 40.78683675], [-73.98050547, 40.7865659], [-73.97985668, 40.78629506]]}, "properties": {"block_id": "106513", "borough": "Manhattan", "shade_score": 0.903}}, {"type": "Feature", "geometry": {"type": "LineString", "coordinates": [[-73.9806228, 40.78326406], [-73.98107909, 40.78345686], [-73.98153539, 40.78364966]]}, "properties": {"block_id": "106449", "borough": "Manhattan", "shade_score": 0.083}}, {"type": "Feature", "geometry": {"type": "LineString", "coordinates": [[-73.97678104, 40.79017312], [-73.97658024, 40.79045233], [-73.97637943, 40.79073154]]}, "properties": {"block_id": "106631", "borough": "Manhattan", "shade_score": 0.0}}, {"type": "Feature", "geometry": {"type": "LineString", "coordinates": [[-73.97167961, 40.79718599], [-73.97109565, 40.79693497], [-73.97051169, 40.79668394]]}, "properties": {"block_id": "106817", "borough": "Manhattan", "shade_score": 0.657}}, {"type": "Feature", "geometry": {"type": "LineString", "coordinates": [[-73.97499495, 40.79025876], [-73.97480441, 40.79052497], [-73.97461387, 40.79079118]]}, "properties": {"block_id": "107017", "borough": "Manhattan", "shade_score": 0.118}}, {"type": "Feature", "geometry": {"type": "LineString", "coordinates": [[-73.9828066, 40.78493941], [-73.98346793, 40.78523256], [-73.98412926, 40.78552572]]}, "properties": {"block_id": "602359", "borough": "Manhattan", "shade_score": 0.0}}, {"type": "Feature", "geometry": {"type": "LineString", "coordinates": [[-73.98159295, 40.77849053], [-73.98169018, 40.77835977], [-73.98178742, 40.77822901]]}, "properties": {"block_id": "111862", "borough": "Manhattan", "shade_score": 0.011}}, {"type": "Feature", "geometry": {"type": "LineString", "coordinates": [[-73.98198418, 40.77544665], [-73.98197052, 40.7758046], [-73.98195687, 40.77616256]]}, "properties": {"block_id": "106214", "borough": "Manhattan", "shade_score": 0.502}}, {"type": "Feature", "geometry": {"type": "LineString", "coordinates": [[-73.98501388, 40.7817051], [-73.98432417, 40.78141207], [-73.98363447, 40.78111904]]}, "properties": {"block_id": "106364", "borough": "Manhattan", "shade_score": 0.895}}, {"type": "Feature", "geometry": {"type": "LineString", "coordinates": [[-73.97931454, 40.7717815], [-73.98063238, 40.77233365], [-73.98195022, 40.7728858]]}, "properties": {"block_id": "106149", "borough": "Manhattan", "shade_score": 0.958}}, {"type": "Feature", "geometry": {"type": "LineString", "coordinates": [[-73.97041705, 40.78397233], [-73.9717399, 40.78453091], [-73.97306276, 40.78508948]]}, "properties": {"block_id": "106446", "borough": "Manhattan", "shade_score": 0.884}}, {"type": "Feature", "geometry": {"type": "LineString", "coordinates": [[-73.98317434, 40.78175306], [-73.98337656, 40.78147223], [-73.98357877, 40.7811914]]}, "properties": {"block_id": "106381", "borough": "Manhattan", "shade_score": 0.983}}, {"type": "Feature", "geometry": {"type": "LineString", "coordinates": [[-73.97637943, 40.79073154], [-73.9757943, 40.79048488], [-73.97520916, 40.79023823]]}, "properties": {"block_id": "106632", "borough": "Manhattan", "shade_score": 0.929}}, {"type": "Feature", "geometry": {"type": "LineString", "coordinates": [[-73.96904252, 40.79092369], [-73.97037292, 40.79148372], [-73.97170332, 40.79204374]]}, "properties": {"block_id": "106650", "borough": "Manhattan", "shade_score": 0.958}}, {"type": "Feature", "geometry": {"type": "LineString", "coordinates": [[-73.97729147, 40.78947543], [-73.97671377, 40.78923176], [-73.97613607, 40.7889881]]}, "properties": {"block_id": "106600", "borough": "Manhattan", "shade_score": 0.925}}, {"type": "Feature", "geometry": {"type": "LineString", "coordinates": [[-73.97173137, 40.79710582], [-73.97114807, 40.79685911], [-73.97056477, 40.7966124]]}, "properties": {"block_id": "106800", "borough": "Manhattan", "shade_score": 0.93}}, {"type": "Feature", "geometry": {"type": "LineString", "coordinates": [[-73.97346305, 40.79205803], [-73.97326118, 40.79233762], [-73.97305931, 40.7926172]]}, "properties": {"block_id": "106681", "borough": "Manhattan", "shade_score": 0.0}}, {"type": "Feature", "geometry": {"type": "LineString", "coordinates": [[-73.98199646, 40.77209042], [-73.98088676, 40.77162219], [-73.97977706, 40.77115396]]}, "properties": {"block_id": "106114", "borough": "Manhattan", "shade_score": 0.928}}, {"type": "Feature", "geometry": {"type": "LineString", "coordinates": [[-73.97427666, 40.79395057], [-73.97447854, 40.79367019], [-73.97468041, 40.7933898]]}, "properties": {"block_id": "106732", "borough": "Manhattan", "shade_score": 0.911}}, {"type": "Feature", "geometry": {"type": "LineString", "coordinates": [[-73.97143009, 40.795436], [-73.97201078, 40.79567884], [-73.97259146, 40.79592168]]}, "properties": {"block_id": "106781", "borough": "Manhattan", "shade_score": 0.66}}, {"type": "Feature", "geometry": {"type": "LineString", "coordinates": [[-73.97835736, 40.7781609], [-73.97968528, 40.77871981], [-73.98101319, 40.77927872]]}, "properties": {"block_id": "106316", "borough": "Manhattan", "shade_score": 0.37}}, {"type": "Feature", "geometry": {"type": "LineString", "coordinates": [[-73.97723967, 40.78954203], [-73.9770362, 40.78982334], [-73.97683273, 40.79010465]]}, "properties": {"block_id": "106615", "borough": "Manhattan", "shade_score": 0.003}}, {"type": "Feature", "geometry": {"type": "LineString", "coordinates": [[-73.98363447, 40.78111904], [-73.98383918, 40.78083794], [-73.98404388, 40.78055684]]}, "properties": {"block_id": "106365", "borough": "Manhattan", "shade_score": 0.861}}, {"type": "Feature", "geometry": {"type": "LineString", "coordinates": [[-73.97394376, 40.78897485], [-73.97374259, 40.78925427], [-73.97354143, 40.78953368]]}, "properties": {"block_id": "106583", "borough": "Manhattan", "shade_score": 0.0}}, {"type": "Feature", "geometry": {"type": "LineString", "coordinates": [[-73.97683273, 40.79010465], [-73.9762499, 40.78985791], [-73.97566708, 40.78961116]]}, "properties": {"block_id": "106616", "borough": "Manhattan", "shade_score": 0.873}}, {"type": "Feature", "geometry": {"type": "LineString", "coordinates": [[-73.98265149, 40.77737335], [-73.98397995, 40.77793118], [-73.98530841, 40.77848901]]}, "properties": {"block_id": "106279", "borough": "Manhattan", "shade_score": 0.459}}, {"type": "Feature", "geometry": {"type": "LineString", "coordinates": [[-73.98209868, 40.77806882], [-73.98205236, 40.77836787], [-73.98200605, 40.77866693]]}, "properties": {"block_id": "106298", "borough": "Manhattan", "shade_score": 0.758}}, {"type": "Feature", "geometry": {"type": "LineString", "coordinates": [[-73.96850665, 40.78659633], [-73.96870863, 40.78631822], [-73.96891061, 40.78604011]]}, "properties": {"block_id": "106530", "borough": "Manhattan", "shade_score": 0.995}}, {"type": "Feature", "geometry": {"type": "LineString", "coordinates": [[-73.98985555, 40.77222255], [-73.98854485, 40.77167131], [-73.98723414, 40.77112008]]}, "properties": {"block_id": "106129", "borough": "Manhattan", "shade_score": 0.681}}, {"type": "Feature", "geometry": {"type": "LineString", "coordinates": [[-73.9754513, 40.78963343], [-73.97525606, 40.78989607], [-73.97506082, 40.79015871]]}, "properties": {"block_id": "107016", "borough": "Manhattan", "shade_score": 0.017}}, {"type": "Feature", "geometry": {"type": "LineString", "coordinates": [[-73.96858413, 40.79156181], [-73.96991841, 40.79210771], [-73.97123712, 40.79267968]]}, "properties": {"block_id": "107083", "borough": "Manhattan", "shade_score": 0.727}}, {"type": "Feature", "geometry": {"type": "LineString", "coordinates": [[-73.9792658, 40.77184912], [-73.97906549, 40.77212441], [-73.97886518, 40.77239969]]}, "properties": {"block_id": "106130", "borough": "Manhattan", "shade_score": 0.819}}, {"type": "Feature", "geometry": {"type": "LineString", "coordinates": [[-73.98510828, 40.78190023], [-73.98419979, 40.78358966], [-73.9828066, 40.78493941]]}, "properties": {"block_id": "602358", "borough": "Manhattan", "shade_score": 0.0}}, {"type": "Feature", "geometry": {"type": "LineString", "coordinates": [[-73.97972447, 40.77122431], [-73.97951951, 40.7715029], [-73.97931454, 40.7717815]]}, "properties": {"block_id": "106148", "borough": "Manhattan", "shade_score": 0.865}}, {"type": "Feature", "geometry": {"type": "LineString", "coordinates": [[-73.9884161, 40.77658382], [-73.98873609, 40.77671904], [-73.98905608, 40.77685427]]}, "properties": {"block_id": "106248", "borough": "Manhattan", "shade_score": 0.685}}, {"type": "Feature", "geometry": {"type": "LineString", "coordinates": [[-73.97935167, 40.78189707], [-73.97914666, 40.78217889], [-73.97894166, 40.78246071]]}, "properties": {"block_id": "106398", "borough": "Manhattan", "shade_score": 0.89}}, {"type": "Feature", "geometry": {"type": "LineString", "coordinates": [[-73.97495436, 40.79268226], [-73.97475128, 40.79296208], [-73.9745482, 40.7932419]]}, "properties": {"block_id": "106698", "borough": "Manhattan", "shade_score": 0.0}}, {"type": "Feature", "geometry": {"type": "LineString", "coordinates": [[-73.96854902, 40.79161158], [-73.96986847, 40.79218828], [-73.97120403, 40.79272645]]}, "properties": {"block_id": "107084", "borough": "Manhattan", "shade_score": 0.311}}, {"type": "Feature", "geometry": {"type": "LineString", "coordinates": [[-73.98453048, 40.77479173], [-73.9847328, 40.77451931], [-73.98493512, 40.77424689]]}, "properties": {"block_id": "106197", "borough": "Manhattan", "shade_score": 0.32}}, {"type": "Feature", "geometry": {"type": "LineString", "coordinates": [[-73.97140536, 40.79787994], [-73.97224967, 40.798237], [-73.97309397, 40.79859406]]}, "properties": {"block_id": "106847", "borough": "Manhattan", "shade_score": 0.835}}, {"type": "Feature", "geometry": {"type": "LineString", "coordinates": [[-73.97056477, 40.7966124], [-73.97076805, 40.79633442], [-73.97097132, 40.79605644]]}, "properties": {"block_id": "106801", "borough": "Manhattan", "shade_score": 0.593}}, {"type": "Feature", "geometry": {"type": "LineString", "coordinates": [[-73.9699419, 40.79480069], [-73.97052578, 40.79504588], [-73.97110966, 40.79529108]]}, "properties": {"block_id": "106766", "borough": "Manhattan", "shade_score": 0.31}}, {"type": "Feature", "geometry": {"type": "LineString", "coordinates": [[-73.98379009, 40.78376781], [-73.98352788, 40.78402259], [-73.98326566, 40.78427738]]}, "properties": {"block_id": "106430", "borough": "Manhattan", "shade_score": 0.0}}, {"type": "Feature", "geometry": {"type": "LineString", "coordinates": [[-73.98107006, 40.7876298], [-73.98110655, 40.78727791], [-73.98114304, 40.78692602]]}, "properties": {"block_id": "106533", "borough": "Manhattan", "shade_score": 0.0}}, {"type": "Feature", "geometry": {"type": "LineString", "coordinates": [[-73.96998832, 40.7947292], [-73.97019985, 40.79444103], [-73.97041139, 40.79415287]]}, "properties": {"block_id": "106747", "borough": "Manhattan", "shade_score": 0.258}}, {"type": "Feature", "geometry": {"type": "LineString", "coordinates": [[-73.9838601, 40.78370423], [-73.98305282, 40.78336357], [-73.98224554, 40.78302292]]}, "properties": {"block_id": "106415", "borough": "Manhattan", "shade_score": 0.886}}, {"type": "Feature", "geometry": {"type": "LineString", "coordinates": [[-73.97127267, 40.79772623], [-73.97147614, 40.79745611], [-73.97167961, 40.79718599]]}, "properties": {"block_id": "106816", "borough": "Manhattan", "shade_score": 0.013}}, {"type": "Feature", "geometry": {"type": "LineString", "coordinates": [[-73.98232387, 40.77068905], [-73.98279789, 40.77088891], [-73.98327191, 40.77108878]]}, "properties": {"block_id": "106116", "borough": "Manhattan", "shade_score": 0.801}}, {"type": "Feature", "geometry": {"type": "LineString", "coordinates": [[-73.96933147, 40.79773794], [-73.96874249, 40.79749145], [-73.96815351, 40.79724496]]}, "properties": {"block_id": "106820", "borough": "Manhattan", "shade_score": 0.824}}, {"type": "Feature", "geometry": {"type": "LineString", "coordinates": [[-73.98446635, 40.77492135], [-73.98358917, 40.77610647], [-73.98271199, 40.77729159]]}, "properties": {"block_id": "106284", "borough": "Manhattan", "shade_score": 0.815}}, {"type": "Feature", "geometry": {"type": "LineString", "coordinates": [[-73.98188255, 40.77964569], [-73.98286851, 40.78006067], [-73.98385448, 40.78047564]]}, "properties": {"block_id": "106343", "borough": "Manhattan", "shade_score": 0.431}}, {"type": "Feature", "geometry": {"type": "LineString", "coordinates": [[-73.97211376, 40.79148582], [-73.97078678, 40.79092428], [-73.9694598, 40.79036275]]}, "properties": {"block_id": "106652", "borough": "Manhattan", "shade_score": 0.229}}, {"type": "Feature", "geometry": {"type": "LineString", "coordinates": [[-73.9720301, 40.78650972], [-73.97182107, 40.78679398], [-73.97161204, 40.78707824]]}, "properties": {"block_id": "106509", "borough": "Manhattan", "shade_score": 0.0}}, {"type": "Feature", "geometry": {"type": "LineString", "coordinates": [[-73.97628029, 40.78830616], [-73.97605099, 40.78857648], [-73.97582169, 40.7888468]]}, "properties": {"block_id": "106579", "borough": "Manhattan", "shade_score": 0.0}}, {"type": "Feature", "geometry": {"type": "LineString", "coordinates": [[-73.9724445, 40.79408665], [-73.97301171, 40.7943275], [-73.97357893, 40.79456834]]}, "properties": {"block_id": "106752", "borough": "Manhattan", "shade_score": 0.494}}, {"type": "Feature", "geometry": {"type": "LineString", "coordinates": [[-73.9834458, 40.78104755], [-73.98257222, 40.78067641], [-73.98169864, 40.78030527]]}, "properties": {"block_id": "106345", "borough": "Manhattan", "shade_score": 0.881}}, {"type": "Feature", "geometry": {"type": "LineString", "coordinates": [[-73.97880377, 40.772479], [-73.97860531, 40.77275508], [-73.97840685, 40.77303115]]}, "properties": {"block_id": "106143", "borough": "Manhattan", "shade_score": 1.0}}, {"type": "Feature", "geometry": {"type": "LineString", "coordinates": [[-73.97828168, 40.78302776], [-73.97849157, 40.78274048], [-73.97870146, 40.78245321]]}, "properties": {"block_id": "106384", "borough": "Manhattan", "shade_score": 0.0}}, {"type": "Feature", "geometry": {"type": "LineString", "coordinates": [[-73.9801996, 40.78383422], [-73.9804112, 40.78354914], [-73.9806228, 40.78326406]]}, "properties": {"block_id": "106452", "borough": "Manhattan", "shade_score": 0.75}}, {"type": "Feature", "geometry": {"type": "LineString", "coordinates": [[-73.97609618, 40.7863586], [-73.97630103, 40.78607942], [-73.97650588, 40.78580024]]}, "properties": {"block_id": "106518", "borough": "Manhattan", "shade_score": 0.359}}, {"type": "Feature", "geometry": {"type": "LineString", "coordinates": [[-73.98450729, 40.77992223], [-73.98504023, 40.78014328], [-73.98557316, 40.78036434]]}, "properties": {"block_id": "111859", "borough": "Manhattan", "shade_score": 0.471}}, {"type": "Feature", "geometry": {"type": "LineString", "coordinates": [[-73.97652433, 40.7756042], [-73.97784712, 40.77616048], [-73.97916992, 40.77671676]]}, "properties": {"block_id": "106245", "borough": "Manhattan", "shade_score": 0.131}}, {"type": "Feature", "geometry": {"type": "LineString", "coordinates": [[-73.97605091, 40.79150908], [-73.97680108, 40.79182777], [-73.97755125, 40.79214647]]}, "properties": {"block_id": "106711", "borough": "Manhattan", "shade_score": 0.471}}, {"type": "Feature", "geometry": {"type": "LineString", "coordinates": [[-73.98023674, 40.78997322], [-73.9790661, 40.78947907], [-73.97789547, 40.78898492]]}, "properties": {"block_id": "106613", "borough": "Manhattan", "shade_score": 0.512}}, {"type": "Feature", "geometry": {"type": "LineString", "coordinates": [[-73.97382325, 40.79457166], [-73.97402493, 40.79429409], [-73.97422662, 40.79401652]]}, "properties": {"block_id": "106743", "borough": "Manhattan", "shade_score": 0.342}}, {"type": "Feature", "geometry": {"type": "LineString", "coordinates": [[-73.97747766, 40.78955591], [-73.97864672, 40.7900481], [-73.97981578, 40.79054029]]}, "properties": {"block_id": "106611", "borough": "Manhattan", "shade_score": 0.916}}, {"type": "Feature", "geometry": {"type": "LineString", "coordinates": [[-73.96789753, 40.79217238], [-73.9676878, 40.79245536], [-73.96747807, 40.79273833]]}, "properties": {"block_id": "106686", "borough": "Manhattan", "shade_score": 0.0}}, {"type": "Feature", "geometry": {"type": "LineString", "coordinates": [[-73.97771132, 40.77871566], [-73.97750419, 40.77899938], [-73.97729705, 40.77928309]]}, "properties": {"block_id": "106311", "borough": "Manhattan", "shade_score": 0.0}}, {"type": "Feature", "geometry": {"type": "LineString", "coordinates": [[-73.98498249, 40.78178111], [-73.98485152, 40.78209095], [-73.98472056, 40.78240079]]}, "properties": {"block_id": "106379", "borough": "Manhattan", "shade_score": 0.0}}, {"type": "Feature", "geometry": {"type": "LineString", "coordinates": [[-73.97445236, 40.78827974], [-73.97312571, 40.78772239], [-73.97179907, 40.78716504]]}, "properties": {"block_id": "106545", "borough": "Manhattan", "shade_score": 0.879}}, {"type": "Feature", "geometry": {"type": "LineString", "coordinates": [[-73.97220419, 40.78659131], [-73.9735386, 40.78715217], [-73.97487301, 40.78771302]]}, "properties": {"block_id": "106543", "borough": "Manhattan", "shade_score": 0.438}}, {"type": "Feature", "geometry": {"type": "LineString", "coordinates": [[-73.97170617, 40.79472176], [-73.97152265, 40.79500226], [-73.97133913, 40.79528277]]}, "properties": {"block_id": "107022", "borough": "Manhattan", "shade_score": 0.713}}, {"type": "Feature", "geometry": {"type": "LineString", "coordinates": [[-73.98204291, 40.77383569], [-73.98203272, 40.77419318], [-73.98202253, 40.77455067]]}, "properties": {"block_id": "106175", "borough": "Manhattan", "shade_score": 0.406}}, {"type": "Feature", "geometry": {"type": "LineString", "coordinates": [[-73.97847032, 40.78310704], [-73.97917528, 40.78340117], [-73.97988024, 40.7836953]]}, "properties": {"block_id": "106418", "borough": "Manhattan", "shade_score": 0.801}}, {"type": "Feature", "geometry": {"type": "LineString", "coordinates": [[-73.98054661, 40.7850133], [-73.9803398, 40.78529494], [-73.98013299, 40.78557657]]}, "properties": {"block_id": "106486", "borough": "Manhattan", "shade_score": 0.16}}, {"type": "Feature", "geometry": {"type": "LineString", "coordinates": [[-73.973328, 40.79281942], [-73.97391221, 40.7930665], [-73.97449643, 40.79331358]]}, "properties": {"block_id": "106718", "borough": "Manhattan", "shade_score": 0.768}}, {"type": "Feature", "geometry": {"type": "LineString", "coordinates": [[-73.98750352, 40.77850019], [-73.98764575, 40.77820155], [-73.98778799, 40.77790291]]}, "properties": {"block_id": "106277", "borough": "Manhattan", "shade_score": 1.0}}, {"type": "Feature", "geometry": {"type": "LineString", "coordinates": [[-73.97082937, 40.78341168], [-73.97062321, 40.78369201], [-73.97041705, 40.78397233]]}, "properties": {"block_id": "106445", "borough": "Manhattan", "shade_score": 0.784}}, {"type": "Feature", "geometry": {"type": "LineString", "coordinates": [[-73.98292817, 40.7817444], [-73.98272537, 40.7820261], [-73.98252258, 40.7823078]]}, "properties": {"block_id": "106375", "borough": "Manhattan", "shade_score": 0.0}}, {"type": "Feature", "geometry": {"type": "LineString", "coordinates": [[-73.97839759, 40.78567307], [-73.97770878, 40.7853833], [-73.97701997, 40.78509353]]}, "properties": {"block_id": "106479", "borough": "Manhattan", "shade_score": 0.907}}, {"type": "Feature", "geometry": {"type": "LineString", "coordinates": [[-73.9707592, 40.79843432], [-73.97055726, 40.79870841], [-73.97035533, 40.7989825]]}, "properties": {"block_id": "106852", "borough": "Manhattan", "shade_score": 0.0}}, {"type": "Feature", "geometry": {"type": "LineString", "coordinates": [[-73.9823896, 40.77397689], [-73.98334362, 40.77437635], [-73.98429764, 40.77477581]]}, "properties": {"block_id": "106186", "borough": "Manhattan", "shade_score": 0.915}}, {"type": "Feature", "geometry": {"type": "LineString", "coordinates": [[-73.97413016, 40.78905344], [-73.97471348, 40.78930106], [-73.97529679, 40.78954869]]}, "properties": {"block_id": "106618", "borough": "Manhattan", "shade_score": 0.434}}, {"type": "Feature", "geometry": {"type": "LineString", "coordinates": [[-73.96837518, 40.7990673], [-73.96821933, 40.79936969], [-73.96806348, 40.79967209]]}, "properties": {"block_id": "106888", "borough": "Manhattan", "shade_score": 0.0}}, {"type": "Feature", "geometry": {"type": "LineString", "coordinates": [[-73.97411414, 40.79645927], [-73.97491396, 40.79596467], [-73.97571378, 40.79547008]]}, "properties": {"block_id": "107060", "borough": "Manhattan", "shade_score": 0.036}}, {"type": "Feature", "geometry": {"type": "LineString", "coordinates": [[-73.97421793, 40.79649094], [-73.97292626, 40.79883744], [-73.97112999, 40.80090445]]}, "properties": {"block_id": "602367", "borough": "Manhattan", "shade_score": 0.07}}, {"type": "Feature", "geometry": {"type": "LineString", "coordinates": [[-73.97872124, 40.78581085], [-73.97892896, 40.78553096], [-73.97913668, 40.78525107]]}, "properties": {"block_id": "106507", "borough": "Manhattan", "shade_score": 0.813}}, {"type": "Feature", "geometry": {"type": "LineString", "coordinates": [[-73.97962418, 40.78628393], [-73.97941831, 40.78656718], [-73.97921244, 40.78685043]]}, "properties": {"block_id": "106524", "borough": "Manhattan", "shade_score": 0.0}}, {"type": "Feature", "geometry": {"type": "LineString", "coordinates": [[-73.97422662, 40.79401652], [-73.97521308, 40.79443223], [-73.97619955, 40.79484793]]}, "properties": {"block_id": "106741", "borough": "Manhattan", "shade_score": 0.503}}, {"type": "Feature", "geometry": {"type": "LineString", "coordinates": [[-73.9783533, 40.7730991], [-73.97815026, 40.77337669], [-73.97794722, 40.77365429]]}, "properties": {"block_id": "106156", "borough": "Manhattan", "shade_score": 0.994}}, {"type": "Feature", "geometry": {"type": "LineString", "coordinates": [[-73.98008136, 40.78564842], [-73.97987857, 40.78593078], [-73.97967578, 40.78621314]]}, "properties": {"block_id": "106505", "borough": "Manhattan", "shade_score": 0.0}}, {"type": "Feature", "geometry": {"type": "LineString", "coordinates": [[-73.97255028, 40.78579195], [-73.97234382, 40.78607931], [-73.97213737, 40.78636667]]}, "properties": {"block_id": "106490", "borough": "Manhattan", "shade_score": 0.0}}, {"type": "Feature", "geometry": {"type": "LineString", "coordinates": [[-73.96530423, 40.79098393], [-73.96551026, 40.79069902], [-73.96571629, 40.79041412]]}, "properties": {"block_id": "106690", "borough": "Manhattan", "shade_score": 0.972}}, {"type": "Feature", "geometry": {"type": "LineString", "coordinates": [[-73.96978093, 40.78959083], [-73.96845519, 40.78903268], [-73.96712946, 40.78847453]]}, "properties": {"block_id": "106588", "borough": "Manhattan", "shade_score": 0.901}}, {"type": "Feature", "geometry": {"type": "LineString", "coordinates": [[-73.97864735, 40.77743906], [-73.97843528, 40.77772781], [-73.9782232, 40.77801656]]}, "properties": {"block_id": "106256", "borough": "Manhattan", "shade_score": 0.0}}, {"type": "Feature", "geometry": {"type": "LineString", "coordinates": [[-73.97459966, 40.77823408], [-73.97592315, 40.77879272], [-73.97724664, 40.77935135]]}, "properties": {"block_id": "106324", "borough": "Manhattan", "shade_score": 0.245}}, {"type": "Feature", "geometry": {"type": "LineString", "coordinates": [[-73.97081171, 40.79836228], [-73.97101316, 40.79808549], [-73.97121461, 40.79780869]]}, "properties": {"block_id": "106841", "borough": "Manhattan", "shade_score": 0.0}}, {"type": "Feature", "geometry": {"type": "LineString", "coordinates": [[-73.98698089, 40.77107105], [-73.98567037, 40.77051762], [-73.98435985, 40.76996419]]}, "properties": {"block_id": "106124", "borough": "Manhattan", "shade_score": 0.12}}, {"type": "Feature", "geometry": {"type": "LineString", "coordinates": [[-73.97458374, 40.78334113], [-73.97438013, 40.78361785], [-73.97417651, 40.78389456]]}, "properties": {"block_id": "106441", "borough": "Manhattan", "shade_score": 0.73}}, {"type": "Feature", "geometry": {"type": "LineString", "coordinates": [[-73.97277693, 40.79599926], [-73.97340558, 40.79626382], [-73.97403423, 40.79652838]]}, "properties": {"block_id": "106792", "borough": "Manhattan", "shade_score": 0.652}}, {"type": "Feature", "geometry": {"type": "LineString", "coordinates": [[-73.98802961, 40.77472758], [-73.98783438, 40.7749969], [-73.98763914, 40.77526622]]}, "properties": {"block_id": "106171", "borough": "Manhattan", "shade_score": 0.423}}, {"type": "Feature", "geometry": {"type": "LineString", "coordinates": [[-73.98200296, 40.78301517], [-73.98179736, 40.78329571], [-73.98159175, 40.78357626]]}, "properties": {"block_id": "106422", "borough": "Manhattan", "shade_score": 0.0}}, {"type": "Feature", "geometry": {"type": "LineString", "coordinates": [[-73.9683761, 40.79980766], [-73.96853312, 40.79951117], [-73.96869013, 40.79921467]]}, "properties": {"block_id": "106907", "borough": "Manhattan", "shade_score": 0.739}}, {"type": "Feature", "geometry": {"type": "LineString", "coordinates": [[-73.9789684, 40.78520134], [-73.97876455, 40.78546914], [-73.97856071, 40.78573694]]}, "properties": {"block_id": "107009", "borough": "Manhattan", "shade_score": 0.223}}, {"type": "Feature", "geometry": {"type": "LineString", "coordinates": [[-73.98389078, 40.77533774], [-73.98314091, 40.77502325], [-73.98239103, 40.77470876]]}, "properties": {"block_id": "106188", "borough": "Manhattan", "shade_score": 1.0}}, {"type": "Feature", "geometry": {"type": "LineString", "coordinates": [[-73.98193164, 40.76970473], [-73.98194019, 40.77006889], [-73.98194875, 40.77043305]]}, "properties": {"block_id": "106088", "borough": "Manhattan", "shade_score": 0.27}}, {"type": "Feature", "geometry": {"type": "LineString", "coordinates": [[-73.98246526, 40.78238049], [-73.98226107, 40.78266166], [-73.98205688, 40.78294282]]}, "properties": {"block_id": "106395", "borough": "Manhattan", "shade_score": 0.0}}, {"type": "Feature", "geometry": {"type": "LineString", "coordinates": [[-73.96891061, 40.78604011], [-73.97023645, 40.78659265], [-73.9715623, 40.78714518]]}, "properties": {"block_id": "106527", "borough": "Manhattan", "shade_score": 0.127}}, {"type": "Feature", "geometry": {"type": "LineString", "coordinates": [[-73.97392351, 40.7914318], [-73.97333896, 40.79118595], [-73.9727544, 40.79094011]]}, "properties": {"block_id": "106668", "borough": "Manhattan", "shade_score": 0.595}}, {"type": "Feature", "geometry": {"type": "LineString", "coordinates": [[-73.97622313, 40.79477173], [-73.97626791, 40.79441812], [-73.97627614, 40.79406047]]}, "properties": {"block_id": "107061", "borough": "Manhattan", "shade_score": 0.011}}, {"type": "Feature", "geometry": {"type": "LineString", "coordinates": [[-73.97123712, 40.79267968], [-73.97144515, 40.79239722], [-73.97165318, 40.79211477]]}, "properties": {"block_id": "106670", "borough": "Manhattan", "shade_score": 0.0}}, {"type": "Feature", "geometry": {"type": "LineString", "coordinates": [[-73.9807939, 40.77991845], [-73.98099482, 40.77964305], [-73.98119575, 40.77936765]]}, "properties": {"block_id": "106334", "borough": "Manhattan", "shade_score": 0.779}}, {"type": "Feature", "geometry": {"type": "LineString", "coordinates": [[-73.97366946, 40.78968003], [-73.97425445, 40.78992505], [-73.97483943, 40.79017006]]}, "properties": {"block_id": "106634", "borough": "Manhattan", "shade_score": 0.57}}, {"type": "Feature", "geometry": {"type": "LineString", "coordinates": [[-73.97411414, 40.79645927], [-73.97347801, 40.79618914], [-73.97284188, 40.79591902]]}, "properties": {"block_id": "106795", "borough": "Manhattan", "shade_score": 0.961}}, {"type": "Feature", "geometry": {"type": "LineString", "coordinates": [[-73.97301412, 40.78515742], [-73.97281001, 40.78543976], [-73.97260591, 40.7857221]]}, "properties": {"block_id": "106470", "borough": "Manhattan", "shade_score": 0.0}}, {"type": "Feature", "geometry": {"type": "LineString", "coordinates": [[-73.98114304, 40.78692602], [-73.98047687, 40.78664515], [-73.9798107, 40.78636429]]}, "properties": {"block_id": "106534", "borough": "Manhattan", "shade_score": 0.711}}, {"type": "Feature", "geometry": {"type": "LineString", "coordinates": [[-73.96759316, 40.78784962], [-73.96891515, 40.78840806], [-73.97023715, 40.78896651]]}, "properties": {"block_id": "106568", "borough": "Manhattan", "shade_score": 0.868}}, {"type": "Feature", "geometry": {"type": "LineString", "coordinates": [[-73.9730061, 40.79268288], [-73.97280819, 40.79296354], [-73.97261028, 40.79324421]]}, "properties": {"block_id": "106702", "borough": "Manhattan", "shade_score": 0.0}}, {"type": "Feature", "geometry": {"type": "LineString", "coordinates": [[-73.97190788, 40.79964293], [-73.97122372, 40.79935664], [-73.97053957, 40.79907035]]}, "properties": {"block_id": "106870", "borough": "Manhattan", "shade_score": 0.946}}, {"type": "Feature", "geometry": {"type": "LineString", "coordinates": [[-73.97413893, 40.77887285], [-73.9739285, 40.77915991], [-73.97371808, 40.77944697]]}, "properties": {"block_id": "106327", "borough": "Manhattan", "shade_score": 0.823}}, {"type": "Feature", "geometry": {"type": "LineString", "coordinates": [[-73.97627033, 40.78069072], [-73.97494561, 40.78013407], [-73.97362089, 40.77957741]]}, "properties": {"block_id": "106404", "borough": "Manhattan", "shade_score": 0.59}}, {"type": "Feature", "geometry": {"type": "LineString", "coordinates": [[-73.97470081, 40.79093312], [-73.97528391, 40.7911809], [-73.975867, 40.79142869]]}, "properties": {"block_id": "106661", "borough": "Manhattan", "shade_score": 0.863}}, {"type": "Feature", "geometry": {"type": "LineString", "coordinates": [[-73.96812981, 40.79218136], [-73.96945898, 40.7927402], [-73.97078815, 40.79329904]]}, "properties": {"block_id": "106692", "borough": "Manhattan", "shade_score": 0.776}}, {"type": "Feature", "geometry": {"type": "LineString", "coordinates": [[-73.98167773, 40.78038857], [-73.98253467, 40.78074977], [-73.9833916, 40.78111097]]}, "properties": {"block_id": "106354", "borough": "Manhattan", "shade_score": 0.589}}, {"type": "Feature", "geometry": {"type": "LineString", "coordinates": [[-73.96988042, 40.79726589], [-73.96969219, 40.79752494], [-73.96950396, 40.797784]]}, "properties": {"block_id": "107026", "borough": "Manhattan", "shade_score": 0.438}}, {"type": "Feature", "geometry": {"type": "LineString", "coordinates": [[-73.98824877, 40.77482228], [-73.98914118, 40.77519973], [-73.9900336, 40.77557717]]}, "properties": {"block_id": "106237", "borough": "Manhattan", "shade_score": 0.009}}, {"type": "Feature", "geometry": {"type": "LineString", "coordinates": [[-73.97510184, 40.78262289], [-73.97642758, 40.78318523], [-73.97775332, 40.78374757]]}, "properties": {"block_id": "106407", "borough": "Manhattan", "shade_score": 0.933}}, {"type": "Feature", "geometry": {"type": "LineString", "coordinates": [[-73.98130878, 40.78430348], [-73.98151795, 40.7840187], [-73.98172712, 40.78373391]]}, "properties": {"block_id": "106456", "borough": "Manhattan", "shade_score": 0.513}}, {"type": "Feature", "geometry": {"type": "LineString", "coordinates": [[-73.97231698, 40.78644899], [-73.97252703, 40.78615905], [-73.97273708, 40.78586911]]}, "properties": {"block_id": "106522", "borough": "Manhattan", "shade_score": 0.639}}, {"type": "Feature", "geometry": {"type": "LineString", "coordinates": [[-73.97842002, 40.78826553], [-73.97958966, 40.78875897], [-73.98075929, 40.78925242]]}, "properties": {"block_id": "106590", "borough": "Manhattan", "shade_score": 0.607}}, {"type": "Feature", "geometry": {"type": "LineString", "coordinates": [[-73.98153702, 40.78021384], [-73.98162487, 40.77990174], [-73.98171272, 40.77958963]]}, "properties": {"block_id": "107041", "borough": "Manhattan", "shade_score": 0.554}}, {"type": "Feature", "geometry": {"type": "LineString", "coordinates": [[-73.97230855, 40.79393516], [-73.97249676, 40.7936786], [-73.97268497, 40.79342204]]}, "properties": {"block_id": "111853", "borough": "Manhattan", "shade_score": 0.347}}, {"type": "Feature", "geometry": {"type": "LineString", "coordinates": [[-73.98853998, 40.77402571], [-73.98788522, 40.77374741], [-73.98733649, 40.77362926]]}, "properties": {"block_id": "107056", "borough": "Manhattan", "shade_score": 0.49}}, {"type": "Feature", "geometry": {"type": "LineString", "coordinates": [[-73.98957702, 40.7760873], [-73.98947327, 40.77604512], [-73.98936951, 40.77600293]]}, "properties": {"block_id": "106239", "borough": "Manhattan", "shade_score": 0.718}}, {"type": "Feature", "geometry": {"type": "LineString", "coordinates": [[-73.97535064, 40.78947511], [-73.97476549, 40.78923016], [-73.97418034, 40.78898521]]}, "properties": {"block_id": "106596", "borough": "Manhattan", "shade_score": 0.638}}, {"type": "Feature", "geometry": {"type": "LineString", "coordinates": [[-73.98109152, 40.78169097], [-73.98119505, 40.7813884], [-73.98129857, 40.78108583]]}, "properties": {"block_id": "107039", "borough": "Manhattan", "shade_score": 0.0}}, {"type": "Feature", "geometry": {"type": "LineString", "coordinates": [[-73.98147824, 40.77862913], [-73.98127174, 40.77891787], [-73.98106523, 40.77920661]]}, "properties": {"block_id": "106292", "borough": "Manhattan", "shade_score": 0.002}}, {"type": "Feature", "geometry": {"type": "LineString", "coordinates": [[-73.97702946, 40.77490381], [-73.97835206, 40.77546297], [-73.97967465, 40.77602212]]}, "properties": {"block_id": "106203", "borough": "Manhattan", "shade_score": 0.886}}, {"type": "Feature", "geometry": {"type": "LineString", "coordinates": [[-73.97176762, 40.78213152], [-73.9715577, 40.78241758], [-73.97134778, 40.78270365]]}, "properties": {"block_id": "106410", "borough": "Manhattan", "shade_score": 0.776}}, {"type": "Feature", "geometry": {"type": "LineString", "coordinates": [[-73.97348385, 40.78960087], [-73.97328214, 40.78988124], [-73.97308043, 40.79016162]]}, "properties": {"block_id": "106603", "borough": "Manhattan", "shade_score": 0.0}}, {"type": "Feature", "geometry": {"type": "LineString", "coordinates": [[-73.97603755, 40.7864398], [-73.97671321, 40.78672397], [-73.97738887, 40.78700814]]}, "properties": {"block_id": "106535", "borough": "Manhattan", "shade_score": 0.587}}, {"type": "Feature", "geometry": {"type": "LineString", "coordinates": [[-73.97565314, 40.79205952], [-73.97585203, 40.7917843], [-73.97605091, 40.79150908]]}, "properties": {"block_id": "106710", "borough": "Manhattan", "shade_score": 0.411}}, {"type": "Feature", "geometry": {"type": "LineString", "coordinates": [[-73.9884607, 40.77736238], [-73.98860485, 40.77742047], [-73.988749, 40.77747856]]}, "properties": {"block_id": "106251", "borough": "Manhattan", "shade_score": 0.397}}, {"type": "Feature", "geometry": {"type": "LineString", "coordinates": [[-73.97201186, 40.79467823], [-73.97222818, 40.79438244], [-73.9724445, 40.79408665]]}, "properties": {"block_id": "106755", "borough": "Manhattan", "shade_score": 0.896}}, {"type": "Feature", "geometry": {"type": "LineString", "coordinates": [[-73.96830444, 40.7967034], [-73.967909, 40.79724545], [-73.96751355, 40.79778751]]}, "properties": {"block_id": "106830", "borough": "Manhattan", "shade_score": 0.033}}, {"type": "Feature", "geometry": {"type": "LineString", "coordinates": [[-73.97170332, 40.79204374], [-73.97190854, 40.79176478], [-73.97211376, 40.79148582]]}, "properties": {"block_id": "106651", "borough": "Manhattan", "shade_score": 0.0}}, {"type": "Feature", "geometry": {"type": "LineString", "coordinates": [[-73.98058783, 40.77476801], [-73.98079177, 40.77449], [-73.98099571, 40.77421199]]}, "properties": {"block_id": "106158", "borough": "Manhattan", "shade_score": 0.468}}, {"type": "Feature", "geometry": {"type": "LineString", "coordinates": [[-73.96984195, 40.79969335], [-73.96964247, 40.79996817], [-73.969443, 40.80024299]]}, "properties": {"block_id": "106905", "borough": "Manhattan", "shade_score": 0.0}}, {"type": "Feature", "geometry": {"type": "LineString", "coordinates": [[-73.9778971, 40.77372415], [-73.97769299, 40.77400235], [-73.97748888, 40.77428055]]}, "properties": {"block_id": "106178", "borough": "Manhattan", "shade_score": 0.699}}, {"type": "Feature", "geometry": {"type": "LineString", "coordinates": [[-73.97450658, 40.78311274], [-73.97538845, 40.78190173], [-73.97627033, 40.78069072]]}, "properties": {"block_id": "106403", "borough": "Manhattan", "shade_score": 0.167}}, {"type": "Feature", "geometry": {"type": "LineString", "coordinates": [[-73.97887898, 40.78763441], [-73.97992932, 40.78807455], [-73.98097967, 40.78851468]]}, "properties": {"block_id": "106571", "borough": "Manhattan", "shade_score": 0.461}}, {"type": "Feature", "geometry": {"type": "LineString", "coordinates": [[-73.97870146, 40.78245321], [-73.97737709, 40.78189387], [-73.97605272, 40.78133453]]}, "properties": {"block_id": "106385", "borough": "Manhattan", "shade_score": 0.072}}, {"type": "Feature", "geometry": {"type": "LineString", "coordinates": [[-73.98441034, 40.78310645], [-73.98356042, 40.78274796], [-73.9827105, 40.78238947]]}, "properties": {"block_id": "106392", "borough": "Manhattan", "shade_score": 0.943}}, {"type": "Feature", "geometry": {"type": "LineString", "coordinates": [[-73.97291992, 40.79337773], [-73.97312396, 40.79309857], [-73.973328, 40.79281942]]}, "properties": {"block_id": "106721", "borough": "Manhattan", "shade_score": 0.596}}, {"type": "Feature", "geometry": {"type": "LineString", "coordinates": [[-73.9699686, 40.78967336], [-73.9712954, 40.79023145], [-73.97262219, 40.79078954]]}, "properties": {"block_id": "106653", "borough": "Manhattan", "shade_score": 0.683}}, {"type": "Feature", "geometry": {"type": "LineString", "coordinates": [[-73.96632131, 40.79976025], [-73.96652462, 40.79947768], [-73.96672794, 40.79919512]]}, "properties": {"block_id": "106903", "borough": "Manhattan", "shade_score": 0.345}}, {"type": "Feature", "geometry": {"type": "LineString", "coordinates": [[-73.97357893, 40.79456834], [-73.97337425, 40.79485546], [-73.97316957, 40.79514259]]}, "properties": {"block_id": "106753", "borough": "Manhattan", "shade_score": 0.0}}, {"type": "Feature", "geometry": {"type": "LineString", "coordinates": [[-73.98125967, 40.77928117], [-73.98146596, 40.77899639], [-73.98167225, 40.77871161]]}, "properties": {"block_id": "106310", "borough": "Manhattan", "shade_score": 0.0}}, {"type": "Feature", "geometry": {"type": "LineString", "coordinates": [[-73.97962555, 40.7811831], [-73.97829832, 40.78062375], [-73.97697108, 40.7800644]]}, "properties": {"block_id": "106360", "borough": "Manhattan", "shade_score": 0.168}}, {"type": "Feature", "geometry": {"type": "LineString", "coordinates": [[-73.9821911, 40.77227518], [-73.98219106, 40.77242528], [-73.98219102, 40.77257538]]}, "properties": {"block_id": "107046", "borough": "Manhattan", "shade_score": 0.0}}, {"type": "Feature", "geometry": {"type": "LineString", "coordinates": [[-73.97315535, 40.79277077], [-73.97296245, 40.7930352], [-73.97276954, 40.79329962]]}, "properties": {"block_id": "107021", "borough": "Manhattan", "shade_score": 0.094}}, {"type": "Feature", "geometry": {"type": "LineString", "coordinates": [[-73.97458764, 40.78842546], [-73.97516592, 40.78867352], [-73.97574419, 40.78892157]]}, "properties": {"block_id": "106594", "borough": "Manhattan", "shade_score": 0.872}}, {"type": "Feature", "geometry": {"type": "LineString", "coordinates": [[-73.97840685, 40.77303115], [-73.97972668, 40.77358677], [-73.98104652, 40.77414238]]}, "properties": {"block_id": "106144", "borough": "Manhattan", "shade_score": 0.998}}, {"type": "Feature", "geometry": {"type": "LineString", "coordinates": [[-73.97424068, 40.79156219], [-73.97482568, 40.79180667], [-73.97541067, 40.79205115]]}, "properties": {"block_id": "106676", "borough": "Manhattan", "shade_score": 0.148}}, {"type": "Feature", "geometry": {"type": "LineString", "coordinates": [[-73.97344371, 40.79782848], [-73.97267904, 40.7975061], [-73.97191438, 40.79718373]]}, "properties": {"block_id": "106812", "borough": "Manhattan", "shade_score": 0.931}}, {"type": "Feature", "geometry": {"type": "LineString", "coordinates": [[-73.98767823, 40.77048739], [-73.98899756, 40.77104105], [-73.9903169, 40.77159471]]}, "properties": {"block_id": "106108", "borough": "Manhattan", "shade_score": 0.0}}, {"type": "Feature", "geometry": {"type": "LineString", "coordinates": [[-73.98385448, 40.78047564], [-73.98365014, 40.7807616], [-73.9834458, 40.78104755]]}, "properties": {"block_id": "106344", "borough": "Manhattan", "shade_score": 0.027}}, {"type": "Feature", "geometry": {"type": "LineString", "coordinates": [[-73.97393829, 40.78389058], [-73.97373357, 40.78417265], [-73.97352884, 40.78445472]]}, "properties": {"block_id": "106426", "borough": "Manhattan", "shade_score": 0.0}}, {"type": "Feature", "geometry": {"type": "LineString", "coordinates": [[-73.98195094, 40.77625014], [-73.98193466, 40.77660687], [-73.98191837, 40.77696361]]}, "properties": {"block_id": "106226", "borough": "Manhattan", "shade_score": 0.73}}, {"type": "Feature", "geometry": {"type": "LineString", "coordinates": [[-73.98063884, 40.78243771], [-73.97999525, 40.78216739], [-73.97935167, 40.78189707]]}, "properties": {"block_id": "106401", "borough": "Manhattan", "shade_score": 0.729}}, {"type": "Feature", "geometry": {"type": "LineString", "coordinates": [[-73.98493512, 40.77424689], [-73.98625349, 40.77480167], [-73.98757186, 40.77535644]]}, "properties": {"block_id": "106194", "borough": "Manhattan", "shade_score": 0.927}}, {"type": "Feature", "geometry": {"type": "LineString", "coordinates": [[-73.96757122, 40.79296387], [-73.96889638, 40.79352047], [-73.97022154, 40.79407707]]}, "properties": {"block_id": "106726", "borough": "Manhattan", "shade_score": 0.284}}, {"type": "Feature", "geometry": {"type": "LineString", "coordinates": [[-73.98050183, 40.78311089], [-73.98064924, 40.78281786], [-73.98079665, 40.78252483]]}, "properties": {"block_id": "107037", "borough": "Manhattan", "shade_score": 0.086}}, {"type": "Feature", "geometry": {"type": "LineString", "coordinates": [[-73.98853206, 40.77808835], [-73.98817957, 40.77795172], [-73.98782708, 40.7778151]]}, "properties": {"block_id": "106253", "borough": "Manhattan", "shade_score": 0.904}}, {"type": "Feature", "geometry": {"type": "LineString", "coordinates": [[-73.97936332, 40.79116789], [-73.97819347, 40.79067494], [-73.97702363, 40.79018198]]}, "properties": {"block_id": "106628", "borough": "Manhattan", "shade_score": 0.885}}, {"type": "Feature", "geometry": {"type": "LineString", "coordinates": [[-73.96810636, 40.7973146], [-73.96789925, 40.79759368], [-73.96769215, 40.79787277]]}, "properties": {"block_id": "106835", "borough": "Manhattan", "shade_score": 0.81}}, {"type": "Feature", "geometry": {"type": "LineString", "coordinates": [[-73.97161204, 40.78707824], [-73.97028864, 40.78652226], [-73.96896524, 40.78596628]]}, "properties": {"block_id": "106510", "borough": "Manhattan", "shade_score": 0.884}}, {"type": "Feature", "geometry": {"type": "LineString", "coordinates": [[-73.98745905, 40.78021311], [-73.98722844, 40.78011366], [-73.98699783, 40.78001422]]}, "properties": {"block_id": "112008", "borough": "Manhattan", "shade_score": 0.709}}, {"type": "Feature", "geometry": {"type": "LineString", "coordinates": [[-73.97349787, 40.77939256], [-73.97465605, 40.77780824], [-73.97581423, 40.77622392]]}, "properties": {"block_id": "111801", "borough": "Manhattan", "shade_score": 0.292}}, {"type": "Feature", "geometry": {"type": "LineString", "coordinates": [[-73.96743726, 40.77177308], [-73.96722628, 40.77206549], [-73.96701531, 40.77235789]]}, "properties": {"block_id": "107607", "borough": "Manhattan", "shade_score": 0.0}}, {"type": "Feature", "geometry": {"type": "LineString", "coordinates": [[-73.96649648, 40.77306412], [-73.96576991, 40.77276046], [-73.96504334, 40.7724568]]}, "properties": {"block_id": "107646", "borough": "Manhattan", "shade_score": 0.927}}, {"type": "Feature", "geometry": {"type": "LineString", "coordinates": [[-73.96627953, 40.77046372], [-73.96560306, 40.77017948], [-73.9649266, 40.76989524]]}, "properties": {"block_id": "107539", "borough": "Manhattan", "shade_score": 0.281}}, {"type": "Feature", "geometry": {"type": "LineString", "coordinates": [[-73.96633229, 40.7703904], [-73.96565595, 40.77010821], [-73.9649796, 40.76982601]]}, "properties": {"block_id": "107506", "borough": "Manhattan", "shade_score": 0.281}}, {"type": "Feature", "geometry": {"type": "LineString", "coordinates": [[-73.96599095, 40.77116182], [-73.96671411, 40.77146745], [-73.96743726, 40.77177308]]}, "properties": {"block_id": "107606", "borough": "Manhattan", "shade_score": 0.735}}, {"type": "Feature", "geometry": {"type": "LineString", "coordinates": [[-73.9704196, 40.78904179], [-73.97062549, 40.78876485], [-73.97083139, 40.78848791]]}, "properties": {"block_id": "106605", "borough": "Manhattan", "shade_score": 0.771}}, {"type": "Feature", "geometry": {"type": "LineString", "coordinates": [[-73.96598222, 40.77376926], [-73.96577514, 40.77405024], [-73.96556807, 40.77433123]]}, "properties": {"block_id": "107701", "borough": "Manhattan", "shade_score": 0.0}}, {"type": "Feature", "geometry": {"type": "LineString", "coordinates": [[-73.96453289, 40.77316208], [-73.96525755, 40.77346567], [-73.96598222, 40.77376926]]}, "properties": {"block_id": "107700", "borough": "Manhattan", "shade_score": 0.348}}, {"type": "Feature", "geometry": {"type": "LineString", "coordinates": [[-73.96581817, 40.77109426], [-73.96560861, 40.771384], [-73.96539906, 40.77167374]]}, "properties": {"block_id": "107577", "borough": "Manhattan", "shade_score": 0.099}}, {"type": "Feature", "geometry": {"type": "LineString", "coordinates": [[-73.96840942, 40.77044804], [-73.96768261, 40.77014449], [-73.96695579, 40.76984093]]}, "properties": {"block_id": "107510", "borough": "Manhattan", "shade_score": 0.0}}, {"type": "Feature", "geometry": {"type": "LineString", "coordinates": [[-73.96690458, 40.76990928], [-73.96670228, 40.77018782], [-73.96649997, 40.77046637]]}, "properties": {"block_id": "107540", "borough": "Manhattan", "shade_score": 0.014}}, {"type": "Feature", "geometry": {"type": "LineString", "coordinates": [[-73.98849299, 40.77820187], [-73.98838111, 40.77850507], [-73.98826923, 40.77880827]]}, "properties": {"block_id": "106275", "borough": "Manhattan", "shade_score": 0.051}}, {"type": "Feature", "geometry": {"type": "LineString", "coordinates": [[-73.96667788, 40.78910581], [-73.96687895, 40.78882668], [-73.96708003, 40.78854754]]}, "properties": {"block_id": "106609", "borough": "Manhattan", "shade_score": 1.0}}, {"type": "Feature", "geometry": {"type": "LineString", "coordinates": [[-73.97157791, 40.79464204], [-73.9713686, 40.79492784], [-73.97115929, 40.79521364]]}, "properties": {"block_id": "106745", "borough": "Manhattan", "shade_score": 0.0}}, {"type": "Feature", "geometry": {"type": "LineString", "coordinates": [[-73.97541067, 40.79205115], [-73.97521023, 40.79233257], [-73.9750098, 40.792614]]}, "properties": {"block_id": "106677", "borough": "Manhattan", "shade_score": 0.0}}, {"type": "Feature", "geometry": {"type": "LineString", "coordinates": [[-73.98106496, 40.78771787], [-73.98102799, 40.78807397], [-73.98099102, 40.78843007]]}, "properties": {"block_id": "106552", "borough": "Manhattan", "shade_score": 0.0}}, {"type": "Feature", "geometry": {"type": "LineString", "coordinates": [[-73.9780323, 40.78646274], [-73.97783473, 40.78673074], [-73.97763715, 40.78699874]]}, "properties": {"block_id": "107011", "borough": "Manhattan", "shade_score": 0.0}}, {"type": "Feature", "geometry": {"type": "LineString", "coordinates": [[-73.96918153, 40.7985007], [-73.96938692, 40.79822147], [-73.96959231, 40.79794225]]}, "properties": {"block_id": "106854", "borough": "Manhattan", "shade_score": 0.382}}, {"type": "Feature", "geometry": {"type": "LineString", "coordinates": [[-73.96748972, 40.77170361], [-73.96676692, 40.77139734], [-73.96604411, 40.77109106]]}, "properties": {"block_id": "107582", "borough": "Manhattan", "shade_score": 0.925}}, {"type": "Feature", "geometry": {"type": "LineString", "coordinates": [[-73.98818863, 40.76977983], [-73.98951183, 40.77033777], [-73.99083502, 40.7708957]]}, "properties": {"block_id": "104112", "borough": "Manhattan", "shade_score": 0.172}}, {"type": "Feature", "geometry": {"type": "LineString", "coordinates": [[-73.97915678, 40.78691831], [-73.97895306, 40.78720104], [-73.97874934, 40.78748377]]}, "properties": {"block_id": "106540", "borough": "Manhattan", "shade_score": 0.0}}, {"type": "Feature", "geometry": {"type": "LineString", "coordinates": [[-73.96718488, 40.79856795], [-73.96778003, 40.79881763], [-73.96837518, 40.7990673]]}, "properties": {"block_id": "106891", "borough": "Manhattan", "shade_score": 0.2}}, {"type": "Feature", "geometry": {"type": "LineString", "coordinates": [[-73.98134394, 40.78618585], [-73.981211, 40.78650027], [-73.98115427, 40.78683675]]}, "properties": {"block_id": "107006", "borough": "Manhattan", "shade_score": 0.0}}, {"type": "Feature", "geometry": {"type": "LineString", "coordinates": [[-73.96712946, 40.78847453], [-73.9673311, 40.78819611], [-73.96753274, 40.78791768]]}, "properties": {"block_id": "106589", "borough": "Manhattan", "shade_score": 0.973}}, {"type": "Feature", "geometry": {"type": "LineString", "coordinates": [[-73.98164133, 40.77366642], [-73.98184212, 40.77375106], [-73.98204291, 40.77383569]]}, "properties": {"block_id": "106174", "borough": "Manhattan", "shade_score": 0.0}}, {"type": "Feature", "geometry": {"type": "LineString", "coordinates": [[-73.96937891, 40.78539821], [-73.97070451, 40.78595396], [-73.9720301, 40.78650972]]}, "properties": {"block_id": "106508", "borough": "Manhattan", "shade_score": 0.289}}, {"type": "Feature", "geometry": {"type": "LineString", "coordinates": [[-73.97115082, 40.80091662], [-73.97327852, 40.79904159], [-73.97421793, 40.79649094]]}, "properties": {"block_id": "602366", "borough": "Manhattan", "shade_score": 0.0}}, {"type": "Feature", "geometry": {"type": "LineString", "coordinates": [[-73.98830955, 40.77474076], [-73.98850582, 40.77447168], [-73.98870209, 40.77420259]]}, "properties": {"block_id": "106193", "borough": "Manhattan", "shade_score": 0.534}}, {"type": "Feature", "geometry": {"type": "LineString", "coordinates": [[-73.97696654, 40.785166], [-73.97765699, 40.78545663], [-73.97834744, 40.78574726]]}, "properties": {"block_id": "106496", "borough": "Manhattan", "shade_score": 0.09}}, {"type": "Feature", "geometry": {"type": "LineString", "coordinates": [[-73.9749721, 40.78756853], [-73.97364454, 40.78700876], [-73.97231698, 40.78644899]]}, "properties": {"block_id": "106521", "borough": "Manhattan", "shade_score": 0.959}}, {"type": "Feature", "geometry": {"type": "LineString", "coordinates": [[-73.96881652, 40.79843291], [-73.9682301, 40.79818578], [-73.96764368, 40.79793865]]}, "properties": {"block_id": "106885", "borough": "Manhattan", "shade_score": 0.423}}, {"type": "Feature", "geometry": {"type": "LineString", "coordinates": [[-73.978498, 40.78582668], [-73.97830043, 40.78609468], [-73.97810286, 40.78636268]]}, "properties": {"block_id": "107010", "borough": "Manhattan", "shade_score": 0.0}}, {"type": "Feature", "geometry": {"type": "LineString", "coordinates": [[-73.98221829, 40.77790415], [-73.98243489, 40.77763875], [-73.98265149, 40.77737335]]}, "properties": {"block_id": "106278", "borough": "Manhattan", "shade_score": 0.736}}, {"type": "Feature", "geometry": {"type": "LineString", "coordinates": [[-73.9838376, 40.77541086], [-73.98363698, 40.77568751], [-73.98343635, 40.77596416]]}, "properties": {"block_id": "106210", "borough": "Manhattan", "shade_score": 0.938}}, {"type": "Feature", "geometry": {"type": "LineString", "coordinates": [[-73.97888721, 40.78253234], [-73.97867877, 40.78281969], [-73.97847032, 40.78310704]]}, "properties": {"block_id": "106417", "borough": "Manhattan", "shade_score": 0.622}}, {"type": "Feature", "geometry": {"type": "LineString", "coordinates": [[-73.98188453, 40.77776974], [-73.98190126, 40.77741343], [-73.98191799, 40.77705711]]}, "properties": {"block_id": "106242", "borough": "Manhattan", "shade_score": 0.634}}, {"type": "Feature", "geometry": {"type": "LineString", "coordinates": [[-73.96524933, 40.7910554], [-73.96657343, 40.79161389], [-73.96789753, 40.79217238]]}, "properties": {"block_id": "106685", "borough": "Manhattan", "shade_score": 0.446}}, {"type": "Feature", "geometry": {"type": "LineString", "coordinates": [[-73.97611309, 40.79143154], [-73.97688319, 40.7917614], [-73.9776533, 40.79209125]]}, "properties": {"block_id": "106696", "borough": "Manhattan", "shade_score": 0.876}}, {"type": "Feature", "geometry": {"type": "LineString", "coordinates": [[-73.97213787, 40.79655379], [-73.97193462, 40.79682981], [-73.97173137, 40.79710582]]}, "properties": {"block_id": "106799", "borough": "Manhattan", "shade_score": 0.0}}, {"type": "Feature", "geometry": {"type": "LineString", "coordinates": [[-73.9776533, 40.79209125], [-73.97808464, 40.79190544], [-73.97852497, 40.79173973]]}, "properties": {"block_id": "107068", "borough": "Manhattan", "shade_score": 0.088}}, {"type": "Feature", "geometry": {"type": "LineString", "coordinates": [[-73.97544305, 40.78692028], [-73.97411664, 40.78636118], [-73.97279024, 40.7858021]]}, "properties": {"block_id": "106502", "borough": "Manhattan", "shade_score": 0.892}}, {"type": "Feature", "geometry": {"type": "LineString", "coordinates": [[-73.97697108, 40.7800644], [-73.97676482, 40.78034837], [-73.97655856, 40.78063233]]}, "properties": {"block_id": "106361", "borough": "Manhattan", "shade_score": 0.0}}, {"type": "Feature", "geometry": {"type": "LineString", "coordinates": [[-73.98241285, 40.77389714], [-73.98240246, 40.77353182], [-73.98239207, 40.77316651]]}, "properties": {"block_id": "106166", "borough": "Manhattan", "shade_score": 0.809}}, {"type": "Feature", "geometry": {"type": "LineString", "coordinates": [[-73.98541052, 40.77359535], [-73.98672007, 40.77416146], [-73.98802961, 40.77472758]]}, "properties": {"block_id": "106170", "borough": "Manhattan", "shade_score": 0.288}}, {"type": "Feature", "geometry": {"type": "LineString", "coordinates": [[-73.97412423, 40.78396617], [-73.97545341, 40.78452573], [-73.97678258, 40.78508529]]}, "properties": {"block_id": "106461", "borough": "Manhattan", "shade_score": 0.288}}, {"type": "Feature", "geometry": {"type": "LineString", "coordinates": [[-73.97443225, 40.79073485], [-73.97384743, 40.79048657], [-73.97326261, 40.7902383]]}, "properties": {"block_id": "106636", "borough": "Manhattan", "shade_score": 0.945}}, {"type": "Feature", "geometry": {"type": "LineString", "coordinates": [[-73.97115989, 40.78771223], [-73.96983327, 40.78715428], [-73.96850665, 40.78659633]]}, "properties": {"block_id": "106529", "borough": "Manhattan", "shade_score": 0.817}}, {"type": "Feature", "geometry": {"type": "LineString", "coordinates": [[-73.98238179, 40.77231456], [-73.98236646, 40.77191869], [-73.98235113, 40.77152283]]}, "properties": {"block_id": "106134", "borough": "Manhattan", "shade_score": 0.142}}, {"type": "Feature", "geometry": {"type": "LineString", "coordinates": [[-73.9802723, 40.77554442], [-73.98111162, 40.77589728], [-73.98195094, 40.77625014]]}, "properties": {"block_id": "106225", "borough": "Manhattan", "shade_score": 0.796}}, {"type": "Feature", "geometry": {"type": "LineString", "coordinates": [[-73.96942867, 40.7978912], [-73.96923337, 40.79815918], [-73.96903808, 40.79842717]]}, "properties": {"block_id": "107027", "borough": "Manhattan", "shade_score": 0.0}}, {"type": "Feature", "geometry": {"type": "LineString", "coordinates": [[-73.98683485, 40.77166986], [-73.98814565, 40.772222], [-73.98945644, 40.77277413]]}, "properties": {"block_id": "106127", "borough": "Manhattan", "shade_score": 0.884}}, {"type": "Feature", "geometry": {"type": "LineString", "coordinates": [[-73.97696573, 40.7927216], [-73.97676949, 40.79299676], [-73.97657324, 40.79327192]]}, "properties": {"block_id": "107063", "borough": "Manhattan", "shade_score": 0.151}}, {"type": "Feature", "geometry": {"type": "LineString", "coordinates": [[-73.96687242, 40.79356565], [-73.96621347, 40.79447545], [-73.96555453, 40.79538526]]}, "properties": {"block_id": "106761", "borough": "Manhattan", "shade_score": 0.752}}, {"type": "Feature", "geometry": {"type": "LineString", "coordinates": [[-73.98204079, 40.77374524], [-73.98186716, 40.77367097], [-73.98169353, 40.7735967]]}, "properties": {"block_id": "106161", "borough": "Manhattan", "shade_score": 0.0}}, {"type": "Feature", "geometry": {"type": "LineString", "coordinates": [[-73.98292599, 40.77666406], [-73.98272346, 40.77693796], [-73.98252093, 40.77721187]]}, "properties": {"block_id": "106261", "borough": "Manhattan", "shade_score": 0.493}}, {"type": "Feature", "geometry": {"type": "LineString", "coordinates": [[-73.98333105, 40.77100581], [-73.98282444, 40.77079331], [-73.98231784, 40.77058082]]}, "properties": {"block_id": "106102", "borough": "Manhattan", "shade_score": 0.894}}, {"type": "Feature", "geometry": {"type": "LineString", "coordinates": [[-73.98106523, 40.77920661], [-73.9797381, 40.77864835], [-73.97841096, 40.77809009]]}, "properties": {"block_id": "106293", "borough": "Manhattan", "shade_score": 0.931}}, {"type": "Feature", "geometry": {"type": "LineString", "coordinates": [[-73.98230529, 40.7698647], [-73.98301635, 40.77016382], [-73.9837274, 40.77046294]]}, "properties": {"block_id": "106100", "borough": "Manhattan", "shade_score": 0.0}}, {"type": "Feature", "geometry": {"type": "LineString", "coordinates": [[-73.97913668, 40.78525107], [-73.97960902, 40.78544975], [-73.98008136, 40.78564842]]}, "properties": {"block_id": "106504", "borough": "Manhattan", "shade_score": 0.84}}, {"type": "Feature", "geometry": {"type": "LineString", "coordinates": [[-73.98297491, 40.77659411], [-73.98264877, 40.77645429], [-73.98232264, 40.77631447]]}, "properties": {"block_id": "106231", "borough": "Manhattan", "shade_score": 0.87}}, {"type": "Feature", "geometry": {"type": "LineString", "coordinates": [[-73.97403853, 40.79393919], [-73.97383649, 40.79421646], [-73.97363444, 40.79449373]]}, "properties": {"block_id": "106750", "borough": "Manhattan", "shade_score": 0.0}}, {"type": "Feature", "geometry": {"type": "LineString", "coordinates": [[-73.98150314, 40.77351411], [-73.98170522, 40.77323737], [-73.98190729, 40.77296062]]}, "properties": {"block_id": "106132", "borough": "Manhattan", "shade_score": 0.0}}, {"type": "Feature", "geometry": {"type": "LineString", "coordinates": [[-73.97985668, 40.78629506], [-73.98006163, 40.78601393], [-73.98026659, 40.78573281]]}, "properties": {"block_id": "106514", "borough": "Manhattan", "shade_score": 0.882}}, {"type": "Feature", "geometry": {"type": "LineString", "coordinates": [[-73.9840965, 40.78048522], [-73.98430189, 40.78020372], [-73.98450729, 40.77992223]]}, "properties": {"block_id": "106349", "borough": "Manhattan", "shade_score": 0.765}}, {"type": "Feature", "geometry": {"type": "LineString", "coordinates": [[-73.97655083, 40.78573286], [-73.97675868, 40.78544943], [-73.97696654, 40.785166]]}, "properties": {"block_id": "106499", "borough": "Manhattan", "shade_score": 0.299}}, {"type": "Feature", "geometry": {"type": "LineString", "coordinates": [[-73.9736592, 40.78460565], [-73.97498879, 40.78516273], [-73.97631838, 40.78571982]]}, "properties": {"block_id": "106481", "borough": "Manhattan", "shade_score": 0.167}}, {"type": "Feature", "geometry": {"type": "LineString", "coordinates": [[-73.97128326, 40.78786037], [-73.97261351, 40.78841761], [-73.97394376, 40.78897485]]}, "properties": {"block_id": "106582", "borough": "Manhattan", "shade_score": 0.254}}, {"type": "Feature", "geometry": {"type": "LineString", "coordinates": [[-73.98757186, 40.77535644], [-73.98737154, 40.77562967], [-73.98717123, 40.77590289]]}, "properties": {"block_id": "106195", "borough": "Manhattan", "shade_score": 0.564}}, {"type": "Feature", "geometry": {"type": "LineString", "coordinates": [[-73.97186433, 40.78199687], [-73.97318545, 40.78255481], [-73.97450658, 40.78311274]]}, "properties": {"block_id": "106402", "borough": "Manhattan", "shade_score": 0.0}}, {"type": "Feature", "geometry": {"type": "LineString", "coordinates": [[-73.9827105, 40.78238947], [-73.98291423, 40.782108], [-73.98311795, 40.78182654]]}, "properties": {"block_id": "106393", "borough": "Manhattan", "shade_score": 0.767}}, {"type": "Feature", "geometry": {"type": "LineString", "coordinates": [[-73.98219285, 40.78309406], [-73.98299147, 40.78343093], [-73.98379009, 40.78376781]]}, "properties": {"block_id": "106429", "borough": "Manhattan", "shade_score": 0.126}}, {"type": "Feature", "geometry": {"type": "LineString", "coordinates": [[-73.98796355, 40.77943517], [-73.9875827, 40.77928175], [-73.98720185, 40.77912832]]}, "properties": {"block_id": "106305", "borough": "Manhattan", "shade_score": 0.834}}, {"type": "Feature", "geometry": {"type": "LineString", "coordinates": [[-73.9716551, 40.79449828], [-73.97108404, 40.79425569], [-73.97051297, 40.7940131]]}, "properties": {"block_id": "106739", "borough": "Manhattan", "shade_score": 0.883}}, {"type": "Feature", "geometry": {"type": "LineString", "coordinates": [[-73.98443554, 40.77969218], [-73.98329014, 40.7792073], [-73.98214473, 40.77872242]]}, "properties": {"block_id": "106288", "borough": "Manhattan", "shade_score": 0.93}}, {"type": "Feature", "geometry": {"type": "LineString", "coordinates": [[-73.98008251, 40.77546562], [-73.97875886, 40.77490844], [-73.9774352, 40.77435126]]}, "properties": {"block_id": "106205", "borough": "Manhattan", "shade_score": 0.241}}, {"type": "Feature", "geometry": {"type": "LineString", "coordinates": [[-73.9667772, 40.79913188], [-73.96698104, 40.79884992], [-73.96718488, 40.79856795]]}, "properties": {"block_id": "106890", "borough": "Manhattan", "shade_score": 0.46}}, {"type": "Feature", "geometry": {"type": "LineString", "coordinates": [[-73.98298287, 40.78168148], [-73.98223719, 40.78136441], [-73.9814915, 40.78104734]]}, "properties": {"block_id": "106356", "borough": "Manhattan", "shade_score": 0.894}}, {"type": "Feature", "geometry": {"type": "LineString", "coordinates": [[-73.97335035, 40.79521082], [-73.97355518, 40.79493006], [-73.97376002, 40.7946493]]}, "properties": {"block_id": "106790", "borough": "Manhattan", "shade_score": 0.0}}, {"type": "Feature", "geometry": {"type": "LineString", "coordinates": [[-73.98603945, 40.77132724], [-73.9859133, 40.77137667], [-73.98655896, 40.77164882]]}, "properties": {"block_id": "106122", "borough": "Manhattan", "shade_score": 0.474}}, {"type": "Feature", "geometry": {"type": "LineString", "coordinates": [[-73.97515956, 40.78764819], [-73.97536903, 40.78735781], [-73.97557851, 40.78706744]]}, "properties": {"block_id": "106558", "borough": "Manhattan", "shade_score": 0.769}}, {"type": "Feature", "geometry": {"type": "LineString", "coordinates": [[-73.96808628, 40.79224886], [-73.96787693, 40.79253256], [-73.96766759, 40.79281626]]}, "properties": {"block_id": "106705", "borough": "Manhattan", "shade_score": 0.87}}, {"type": "Feature", "geometry": {"type": "LineString", "coordinates": [[-73.98733649, 40.77362926], [-73.98791267, 40.77386304], [-73.98848885, 40.77409683]]}, "properties": {"block_id": "106139", "borough": "Manhattan", "shade_score": 0.115}}, {"type": "Feature", "geometry": {"type": "LineString", "coordinates": [[-73.98194718, 40.7705209], [-73.98128978, 40.77024892], [-73.98063238, 40.76997694]]}, "properties": {"block_id": "106107", "borough": "Manhattan", "shade_score": 0.233}}, {"type": "Feature", "geometry": {"type": "LineString", "coordinates": [[-73.98113314, 40.7809932], [-73.98101961, 40.7813126], [-73.98090609, 40.78163201]]}, "properties": {"block_id": "106367", "borough": "Manhattan", "shade_score": 0.0}}, {"type": "Feature", "geometry": {"type": "LineString", "coordinates": [[-73.98172712, 40.78373391], [-73.98245717, 40.78404294], [-73.98318721, 40.78435195]]}, "properties": {"block_id": "106453", "borough": "Manhattan", "shade_score": 0.533}}, {"type": "Feature", "geometry": {"type": "LineString", "coordinates": [[-73.98991054, 40.77214069], [-73.98859411, 40.77158566], [-73.98727768, 40.77103063]]}, "properties": {"block_id": "106110", "borough": "Manhattan", "shade_score": 0.751}}, {"type": "Feature", "geometry": {"type": "LineString", "coordinates": [[-73.98327191, 40.77108878], [-73.98307282, 40.77136239], [-73.98287373, 40.77163601]]}, "properties": {"block_id": "106117", "borough": "Manhattan", "shade_score": 0.0}}, {"type": "Feature", "geometry": {"type": "LineString", "coordinates": [[-73.98099102, 40.78843007], [-73.97996041, 40.78799775], [-73.9789298, 40.78756543]]}, "properties": {"block_id": "106553", "borough": "Manhattan", "shade_score": 0.867}}, {"type": "Feature", "geometry": {"type": "LineString", "coordinates": [[-73.98059046, 40.78494358], [-73.98012601, 40.78474815], [-73.97966156, 40.78455271]]}, "properties": {"block_id": "106467", "borough": "Manhattan", "shade_score": 0.937}}, {"type": "Feature", "geometry": {"type": "LineString", "coordinates": [[-73.9823788, 40.77304108], [-73.98359783, 40.77355232], [-73.98481685, 40.77406356]]}, "properties": {"block_id": "106153", "borough": "Manhattan", "shade_score": 0.754}}, {"type": "Feature", "geometry": {"type": "LineString", "coordinates": [[-73.97505556, 40.78778462], [-73.97566793, 40.78804539], [-73.97628029, 40.78830616]]}, "properties": {"block_id": "106578", "borough": "Manhattan", "shade_score": 0.63}}, {"type": "Feature", "geometry": {"type": "LineString", "coordinates": [[-73.97961108, 40.78462137], [-73.98007884, 40.78481734], [-73.98054661, 40.7850133]]}, "properties": {"block_id": "106485", "borough": "Manhattan", "shade_score": 0.644}}, {"type": "Feature", "geometry": {"type": "LineString", "coordinates": [[-73.97261028, 40.79324421], [-73.97202098, 40.79299711], [-73.97143169, 40.79275]]}, "properties": {"block_id": "106703", "borough": "Manhattan", "shade_score": 0.904}}, {"type": "Feature", "geometry": {"type": "LineString", "coordinates": [[-73.9715623, 40.78714518], [-73.97136109, 40.78742871], [-73.97115989, 40.78771223]]}, "properties": {"block_id": "106528", "borough": "Manhattan", "shade_score": 0.0}}, {"type": "Feature", "geometry": {"type": "LineString", "coordinates": [[-73.97372407, 40.78961116], [-73.97392712, 40.7893323], [-73.97413016, 40.78905344]]}, "properties": {"block_id": "106621", "borough": "Manhattan", "shade_score": 0.352}}, {"type": "Feature", "geometry": {"type": "LineString", "coordinates": [[-73.98033289, 40.78055138], [-73.98053581, 40.78027103], [-73.98073873, 40.77999068]]}, "properties": {"block_id": "106353", "borough": "Manhattan", "shade_score": 0.924}}, {"type": "Feature", "geometry": {"type": "LineString", "coordinates": [[-73.98945644, 40.77277413], [-73.98965599, 40.77249834], [-73.98985555, 40.77222255]]}, "properties": {"block_id": "106128", "borough": "Manhattan", "shade_score": 0.085}}, {"type": "Feature", "geometry": {"type": "LineString", "coordinates": [[-73.97483943, 40.79017006], [-73.97463584, 40.79045246], [-73.97443225, 40.79073485]]}, "properties": {"block_id": "106635", "borough": "Manhattan", "shade_score": 0.021}}, {"type": "Feature", "geometry": {"type": "LineString", "coordinates": [[-73.97782046, 40.78876422], [-73.97726898, 40.78853513], [-73.9767175, 40.78830603]]}, "properties": {"block_id": "106576", "borough": "Manhattan", "shade_score": 0.857}}, {"type": "Feature", "geometry": {"type": "LineString", "coordinates": [[-73.97487301, 40.78771302], [-73.97466269, 40.78799638], [-73.97445236, 40.78827974]]}, "properties": {"block_id": "106544", "borough": "Manhattan", "shade_score": 0.011}}, {"type": "Feature", "geometry": {"type": "LineString", "coordinates": [[-73.98133943, 40.78024673], [-73.98124979, 40.78057521], [-73.98116016, 40.78090369]]}, "properties": {"block_id": "106351", "borough": "Manhattan", "shade_score": 0.0}}, {"type": "Feature", "geometry": {"type": "LineString", "coordinates": [[-73.97693229, 40.78754775], [-73.97627966, 40.78727413], [-73.97562702, 40.78700051]]}, "properties": {"block_id": "106537", "borough": "Manhattan", "shade_score": 0.893}}, {"type": "Feature", "geometry": {"type": "LineString", "coordinates": [[-73.98078101, 40.77484685], [-73.98098211, 40.77456983], [-73.9811832, 40.77429281]]}, "properties": {"block_id": "106201", "borough": "Manhattan", "shade_score": 0.817}}, {"type": "Feature", "geometry": {"type": "LineString", "coordinates": [[-73.98111545, 40.78422297], [-73.98065752, 40.7840286], [-73.9801996, 40.78383422]]}, "properties": {"block_id": "106451", "borough": "Manhattan", "shade_score": 0.889}}, {"type": "Feature", "geometry": {"type": "LineString", "coordinates": [[-73.98418759, 40.76983705], [-73.98398729, 40.77010834], [-73.98378699, 40.77037964]]}, "properties": {"block_id": "106094", "borough": "Manhattan", "shade_score": 0.0}}, {"type": "Feature", "geometry": {"type": "LineString", "coordinates": [[-73.97326261, 40.7902383], [-73.97346604, 40.78995917], [-73.97366946, 40.78968003]]}, "properties": {"block_id": "106637", "borough": "Manhattan", "shade_score": 0.758}}, {"type": "Feature", "geometry": {"type": "LineString", "coordinates": [[-73.97825136, 40.78644828], [-73.97845631, 40.78616553], [-73.97866125, 40.78588277]]}, "properties": {"block_id": "106526", "borough": "Manhattan", "shade_score": 0.114}}, {"type": "Feature", "geometry": {"type": "LineString", "coordinates": [[-73.97363444, 40.79449373], [-73.97305048, 40.79424836], [-73.97246652, 40.794003]]}, "properties": {"block_id": "106751", "borough": "Manhattan", "shade_score": 0.857}}, {"type": "Feature", "geometry": {"type": "LineString", "coordinates": [[-73.96587369, 40.77102066], [-73.96607661, 40.77074219], [-73.96627953, 40.77046372]]}, "properties": {"block_id": "107538", "borough": "Manhattan", "shade_score": 0.121}}, {"type": "Feature", "geometry": {"type": "LineString", "coordinates": [[-73.97287016, 40.79344468], [-73.97345435, 40.79369194], [-73.97403853, 40.79393919]]}, "properties": {"block_id": "106749", "borough": "Manhattan", "shade_score": 0.868}}, {"type": "Feature", "geometry": {"type": "LineString", "coordinates": [[-73.98429764, 40.77477581], [-73.98409421, 40.77505677], [-73.98389078, 40.77533774]]}, "properties": {"block_id": "106187", "borough": "Manhattan", "shade_score": 0.327}}, {"type": "Feature", "geometry": {"type": "LineString", "coordinates": [[-73.96995706, 40.78460759], [-73.97016181, 40.7843276], [-73.97036656, 40.78404761]]}, "properties": {"block_id": "106472", "borough": "Manhattan", "shade_score": 0.948}}, {"type": "Feature", "geometry": {"type": "LineString", "coordinates": [[-73.97008449, 40.79969881], [-73.97028527, 40.7994196], [-73.97048606, 40.79914039]]}, "properties": {"block_id": "106899", "borough": "Manhattan", "shade_score": 0.816}}, {"type": "Feature", "geometry": {"type": "LineString", "coordinates": [[-73.98153539, 40.78364966], [-73.98132542, 40.78393631], [-73.98111545, 40.78422297]]}, "properties": {"block_id": "106450", "borough": "Manhattan", "shade_score": 0.0}}, {"type": "Feature", "geometry": {"type": "LineString", "coordinates": [[-73.97371562, 40.78453694], [-73.97391992, 40.78425156], [-73.97412423, 40.78396617]]}, "properties": {"block_id": "106464", "borough": "Manhattan", "shade_score": 0.493}}, {"type": "Feature", "geometry": {"type": "LineString", "coordinates": [[-73.97259146, 40.79592168], [-73.97239018, 40.79619786], [-73.97218889, 40.79647404]]}, "properties": {"block_id": "106782", "borough": "Manhattan", "shade_score": 0.0}}, {"type": "Feature", "geometry": {"type": "LineString", "coordinates": [[-73.98326566, 40.78427738], [-73.98252539, 40.78396358], [-73.98178513, 40.78364978]]}, "properties": {"block_id": "106431", "borough": "Manhattan", "shade_score": 0.949}}, {"type": "Feature", "geometry": {"type": "LineString", "coordinates": [[-73.98072718, 40.77491772], [-73.98135568, 40.77518218], [-73.98198418, 40.77544665]]}, "properties": {"block_id": "106213", "borough": "Manhattan", "shade_score": 0.828}}, {"type": "Feature", "geometry": {"type": "LineString", "coordinates": [[-73.98154277, 40.77950869], [-73.98145475, 40.77983401], [-73.98136674, 40.78015932]]}, "properties": {"block_id": "106332", "borough": "Manhattan", "shade_score": 0.0}}, {"type": "Feature", "geometry": {"type": "LineString", "coordinates": [[-73.98144687, 40.77359564], [-73.98012532, 40.77303732], [-73.97880377, 40.772479]]}, "properties": {"block_id": "106146", "borough": "Manhattan", "shade_score": 0.916}}, {"type": "Feature", "geometry": {"type": "LineString", "coordinates": [[-73.97440086, 40.78834946], [-73.97419784, 40.78862906], [-73.97399482, 40.78890865]]}, "properties": {"block_id": "106564", "borough": "Manhattan", "shade_score": 0.0}}, {"type": "Feature", "geometry": {"type": "LineString", "coordinates": [[-73.97770551, 40.78890495], [-73.97749849, 40.78919019], [-73.97729147, 40.78947543]]}, "properties": {"block_id": "106599", "borough": "Manhattan", "shade_score": 0.046}}, {"type": "Feature", "geometry": {"type": "LineString", "coordinates": [[-73.97319874, 40.78523456], [-73.97452746, 40.78579531], [-73.97585618, 40.78635606]]}, "properties": {"block_id": "106500", "borough": "Manhattan", "shade_score": 0.059}}, {"type": "Feature", "geometry": {"type": "LineString", "coordinates": [[-73.98201816, 40.77464128], [-73.98200474, 40.77499957], [-73.98199132, 40.77535785]]}, "properties": {"block_id": "106199", "borough": "Manhattan", "shade_score": 0.614}}, {"type": "Feature", "geometry": {"type": "LineString", "coordinates": [[-73.98538008, 40.77835852], [-73.98623113, 40.77719083], [-73.98708218, 40.77602314]]}, "properties": {"block_id": "106282", "borough": "Manhattan", "shade_score": 0.0}}, {"type": "Feature", "geometry": {"type": "LineString", "coordinates": [[-73.96644031, 40.77313747], [-73.96623694, 40.77341812], [-73.96603356, 40.77369878]]}, "properties": {"block_id": "107677", "borough": "Manhattan", "shade_score": 0.0}}, {"type": "Feature", "geometry": {"type": "LineString", "coordinates": [[-73.96986921, 40.76869103], [-73.96851308, 40.77056254], [-73.96715696, 40.77243404]]}, "properties": {"block_id": "111770", "borough": "Manhattan", "shade_score": 0.0}}, {"type": "Feature", "geometry": {"type": "LineString", "coordinates": [[-73.97255182, 40.79331002], [-73.97234857, 40.79359054], [-73.97214531, 40.79387107]]}, "properties": {"block_id": "106723", "borough": "Manhattan", "shade_score": 0.0}}, {"type": "Feature", "geometry": {"type": "LineString", "coordinates": [[-73.97789406, 40.78389701], [-73.9776889, 40.78417887], [-73.97748374, 40.78446073]]}, "properties": {"block_id": "106457", "borough": "Manhattan", "shade_score": 0.355}}, {"type": "Feature", "geometry": {"type": "LineString", "coordinates": [[-73.97730068, 40.78437757], [-73.97597183, 40.78381783], [-73.97464299, 40.7832581]]}, "properties": {"block_id": "106440", "borough": "Manhattan", "shade_score": 0.961}}, {"type": "Feature", "geometry": {"type": "LineString", "coordinates": [[-73.97883105, 40.77751221], [-73.98015465, 40.77807067], [-73.98147824, 40.77862913]]}, "properties": {"block_id": "106291", "borough": "Manhattan", "shade_score": 0.192}}, {"type": "Feature", "geometry": {"type": "LineString", "coordinates": [[-73.98214473, 40.77872242], [-73.98220138, 40.7783697], [-73.98225802, 40.77801698]]}, "properties": {"block_id": "106289", "borough": "Manhattan", "shade_score": 1.0}}, {"type": "Feature", "geometry": {"type": "LineString", "coordinates": [[-73.9755211, 40.78205598], [-73.97531147, 40.78233944], [-73.97510184, 40.78262289]]}, "properties": {"block_id": "106406", "borough": "Manhattan", "shade_score": 0.74}}, {"type": "Feature", "geometry": {"type": "LineString", "coordinates": [[-73.97493295, 40.79587963], [-73.97414165, 40.79554523], [-73.97335035, 40.79521082]]}, "properties": {"block_id": "106789", "borough": "Manhattan", "shade_score": 0.439}}, {"type": "Feature", "geometry": {"type": "LineString", "coordinates": [[-73.9833916, 40.78111097], [-73.98318723, 40.78139622], [-73.98298287, 40.78168148]]}, "properties": {"block_id": "106355", "borough": "Manhattan", "shade_score": 0.026}}, {"type": "Feature", "geometry": {"type": "LineString", "coordinates": [[-73.97951875, 40.78446164], [-73.97972101, 40.78419007], [-73.97992327, 40.78391849]]}, "properties": {"block_id": "107008", "borough": "Manhattan", "shade_score": 0.0}}, {"type": "Feature", "geometry": {"type": "LineString", "coordinates": [[-73.97639901, 40.78816935], [-73.97577928, 40.78790877], [-73.97515956, 40.78764819]]}, "properties": {"block_id": "106557", "borough": "Manhattan", "shade_score": 0.916}}, {"type": "Feature", "geometry": {"type": "LineString", "coordinates": [[-73.96659317, 40.79905129], [-73.96530601, 40.79844432], [-73.96397996, 40.79788701]]}, "properties": {"block_id": "107074", "borough": "Manhattan", "shade_score": 0.228}}, {"type": "Feature", "geometry": {"type": "LineString", "coordinates": [[-73.9814915, 40.78104734], [-73.98158462, 40.78071795], [-73.98167773, 40.78038857]]}, "properties": {"block_id": "106357", "borough": "Manhattan", "shade_score": 0.678}}, {"type": "Feature", "geometry": {"type": "LineString", "coordinates": [[-73.98905608, 40.77685427], [-73.98891904, 40.777127], [-73.98878199, 40.77739974]]}, "properties": {"block_id": "106249", "borough": "Manhattan", "shade_score": 0.025}}, {"type": "Feature", "geometry": {"type": "LineString", "coordinates": [[-73.97637349, 40.78565187], [-73.97504455, 40.78509441], [-73.97371562, 40.78453694]]}, "properties": {"block_id": "106463", "borough": "Manhattan", "shade_score": 0.928}}, {"type": "Feature", "geometry": {"type": "LineString", "coordinates": [[-73.96745677, 40.79786898], [-73.96669602, 40.79753441], [-73.96624368, 40.79726057]]}, "properties": {"block_id": "106831", "borough": "Manhattan", "shade_score": 0.081}}, {"type": "Feature", "geometry": {"type": "LineString", "coordinates": [[-73.9811832, 40.77429281], [-73.98160068, 40.77446705], [-73.98201816, 40.77464128]]}, "properties": {"block_id": "106198", "borough": "Manhattan", "shade_score": 0.929}}, {"type": "Feature", "geometry": {"type": "LineString", "coordinates": [[-73.97074139, 40.79336625], [-73.96941383, 40.79280755], [-73.96808628, 40.79224886]]}, "properties": {"block_id": "106708", "borough": "Manhattan", "shade_score": 0.435}}, {"type": "Feature", "geometry": {"type": "LineString", "coordinates": [[-73.98239103, 40.77470876], [-73.98239032, 40.77434282], [-73.9823896, 40.77397689]]}, "properties": {"block_id": "106189", "borough": "Manhattan", "shade_score": 0.862}}, {"type": "Feature", "geometry": {"type": "LineString", "coordinates": [[-73.98778799, 40.77790291], [-73.98814049, 40.77805239], [-73.98849299, 40.77820187]]}, "properties": {"block_id": "106274", "borough": "Manhattan", "shade_score": 0.73}}, {"type": "Feature", "geometry": {"type": "LineString", "coordinates": [[-73.98720185, 40.77912832], [-73.98733275, 40.77885343], [-73.98746365, 40.77857855]]}, "properties": {"block_id": "106306", "borough": "Manhattan", "shade_score": 1.0}}, {"type": "Feature", "geometry": {"type": "LineString", "coordinates": [[-73.97376002, 40.7946493], [-73.9747369, 40.79505969], [-73.97571378, 40.79547008]]}, "properties": {"block_id": "106791", "borough": "Manhattan", "shade_score": 0.319}}, {"type": "Feature", "geometry": {"type": "LineString", "coordinates": [[-73.98748964, 40.77041353], [-73.98728908, 40.77068551], [-73.98708852, 40.77095749]]}, "properties": {"block_id": "106098", "borough": "Manhattan", "shade_score": 0.426}}, {"type": "Feature", "geometry": {"type": "LineString", "coordinates": [[-73.97582169, 40.7888468], [-73.97522929, 40.78860303], [-73.97463688, 40.78835925]]}, "properties": {"block_id": "106580", "borough": "Manhattan", "shade_score": 0.925}}, {"type": "Feature", "geometry": {"type": "LineString", "coordinates": [[-73.98187072, 40.77785344], [-73.98182907, 40.77804122], [-73.98178742, 40.77822901]]}, "properties": {"block_id": "111863", "borough": "Manhattan", "shade_score": 0.51}}, {"type": "Feature", "geometry": {"type": "LineString", "coordinates": [[-73.98530841, 40.77848901], [-73.98510711, 40.77876585], [-73.98490581, 40.77904269]]}, "properties": {"block_id": "106280", "borough": "Manhattan", "shade_score": 0.0}}, {"type": "Feature", "geometry": {"type": "LineString", "coordinates": [[-73.97591235, 40.78900453], [-73.97571711, 40.78926895], [-73.97552187, 40.78953338]]}, "properties": {"block_id": "107015", "borough": "Manhattan", "shade_score": 0.053}}, {"type": "Feature", "geometry": {"type": "LineString", "coordinates": [[-73.97309397, 40.79859406], [-73.97281701, 40.798843], [-73.97254004, 40.79909194]]}, "properties": {"block_id": "106848", "borough": "Manhattan", "shade_score": 0.153}}, {"type": "Feature", "geometry": {"type": "LineString", "coordinates": [[-73.97650588, 40.78580024], [-73.97719047, 40.78609224], [-73.97787507, 40.78638425]]}, "properties": {"block_id": "106515", "borough": "Manhattan", "shade_score": 0.519}}, {"type": "Feature", "geometry": {"type": "LineString", "coordinates": [[-73.97514106, 40.79276353], [-73.97582855, 40.7930535], [-73.97651605, 40.79334346]]}, "properties": {"block_id": "106715", "borough": "Manhattan", "shade_score": 0.553}}, {"type": "Feature", "geometry": {"type": "LineString", "coordinates": [[-73.97590815, 40.78628951], [-73.97458047, 40.78572798], [-73.97325278, 40.78516644]]}, "properties": {"block_id": "106483", "borough": "Manhattan", "shade_score": 0.444}}, {"type": "Feature", "geometry": {"type": "LineString", "coordinates": [[-73.97133752, 40.78778531], [-73.97154081, 40.78750787], [-73.97174411, 40.78723044]]}, "properties": {"block_id": "106566", "borough": "Manhattan", "shade_score": 0.621}}, {"type": "Feature", "geometry": {"type": "LineString", "coordinates": [[-73.98017474, 40.77060087], [-73.98107332, 40.77098014], [-73.98197189, 40.7713594]]}, "properties": {"block_id": "106112", "borough": "Manhattan", "shade_score": 0.766}}, {"type": "Feature", "geometry": {"type": "LineString", "coordinates": [[-73.98532138, 40.7810003], [-73.98470894, 40.78074276], [-73.9840965, 40.78048522]]}, "properties": {"block_id": "106348", "borough": "Manhattan", "shade_score": 0.9}}, {"type": "Feature", "geometry": {"type": "LineString", "coordinates": [[-73.98009091, 40.7839718], [-73.98055339, 40.78416825], [-73.98101587, 40.78436471]]}, "properties": {"block_id": "106465", "borough": "Manhattan", "shade_score": 0.287}}, {"type": "Feature", "geometry": {"type": "LineString", "coordinates": [[-73.97520916, 40.79023823], [-73.9754127, 40.789958], [-73.97561624, 40.78967777]]}, "properties": {"block_id": "106633", "borough": "Manhattan", "shade_score": 0.746}}, {"type": "Feature", "geometry": {"type": "LineString", "coordinates": [[-73.98773386, 40.77040406], [-73.98793233, 40.77013155], [-73.9881308, 40.76985903]]}, "properties": {"block_id": "104115", "borough": "Manhattan", "shade_score": 0.0}}, {"type": "Feature", "geometry": {"type": "LineString", "coordinates": [[-73.98116016, 40.78090369], [-73.98074653, 40.78072753], [-73.98033289, 40.78055138]]}, "properties": {"block_id": "106352", "borough": "Manhattan", "shade_score": 0.854}}, {"type": "Feature", "geometry": {"type": "LineString", "coordinates": [[-73.9823803, 40.77480178], [-73.98310895, 40.77510632], [-73.9838376, 40.77541086]]}, "properties": {"block_id": "106209", "borough": "Manhattan", "shade_score": 0.933}}, {"type": "Feature", "geometry": {"type": "LineString", "coordinates": [[-73.98104652, 40.77414238], [-73.98124669, 40.77386901], [-73.98144687, 40.77359564]]}, "properties": {"block_id": "106145", "borough": "Manhattan", "shade_score": 0.403}}, {"type": "Feature", "geometry": {"type": "LineString", "coordinates": [[-73.97743017, 40.78453094], [-73.97812276, 40.78482264], [-73.97881534, 40.78511434]]}, "properties": {"block_id": "106477", "borough": "Manhattan", "shade_score": 0.664}}, {"type": "Feature", "geometry": {"type": "LineString", "coordinates": [[-73.9767175, 40.78830603], [-73.97695496, 40.78802818], [-73.97719243, 40.78775032]]}, "properties": {"block_id": "106577", "borough": "Manhattan", "shade_score": 0.504}}, {"type": "Feature", "geometry": {"type": "LineString", "coordinates": [[-73.96753274, 40.78791768], [-73.96885769, 40.78847356], [-73.97018264, 40.78902943]]}, "properties": {"block_id": "106586", "borough": "Manhattan", "shade_score": 0.417}}, {"type": "Feature", "geometry": {"type": "LineString", "coordinates": [[-73.988749, 40.77747856], [-73.98864053, 40.77778346], [-73.98853206, 40.77808835]]}, "properties": {"block_id": "106252", "borough": "Manhattan", "shade_score": 0.026}}, {"type": "Feature", "geometry": {"type": "LineString", "coordinates": [[-73.97539585, 40.78698875], [-73.97518397, 40.78727864], [-73.9749721, 40.78756853]]}, "properties": {"block_id": "106520", "borough": "Manhattan", "shade_score": 0.009}}, {"type": "Feature", "geometry": {"type": "LineString", "coordinates": [[-73.97592281, 40.79135132], [-73.97534091, 40.7911089], [-73.97475901, 40.79086647]]}, "properties": {"block_id": "106643", "borough": "Manhattan", "shade_score": 0.932}}, {"type": "Feature", "geometry": {"type": "LineString", "coordinates": [[-73.97383423, 40.79211949], [-73.97403745, 40.79184084], [-73.97424068, 40.79156219]]}, "properties": {"block_id": "106679", "borough": "Manhattan", "shade_score": 0.538}}, {"type": "Feature", "geometry": {"type": "LineString", "coordinates": [[-73.969483, 40.79542726], [-73.97006504, 40.79567588], [-73.97064708, 40.7959245]]}, "properties": {"block_id": "106777", "borough": "Manhattan", "shade_score": 0.547}}, {"type": "Feature", "geometry": {"type": "LineString", "coordinates": [[-73.98343635, 40.77596416], [-73.98289503, 40.77573714], [-73.98235371, 40.77551013]]}, "properties": {"block_id": "106211", "borough": "Manhattan", "shade_score": 0.849}}, {"type": "Feature", "geometry": {"type": "LineString", "coordinates": [[-73.98179939, 40.779507], [-73.98152953, 40.77939408], [-73.98125967, 40.77928117]]}, "properties": {"block_id": "106309", "borough": "Manhattan", "shade_score": 0.433}}, {"type": "Feature", "geometry": {"type": "LineString", "coordinates": [[-73.98029936, 40.78312671], [-73.97959329, 40.78282953], [-73.97888721, 40.78253234]]}, "properties": {"block_id": "106420", "borough": "Manhattan", "shade_score": 0.488}}, {"type": "Feature", "geometry": {"type": "LineString", "coordinates": [[-73.97354143, 40.78953368], [-73.97221174, 40.7889747], [-73.97088205, 40.78841572]]}, "properties": {"block_id": "106584", "borough": "Manhattan", "shade_score": 0.72}}, {"type": "Feature", "geometry": {"type": "LineString", "coordinates": [[-73.97316957, 40.79514259], [-73.97258942, 40.79489421], [-73.97201186, 40.79467823]]}, "properties": {"block_id": "106754", "borough": "Manhattan", "shade_score": 0.907}}, {"type": "Feature", "geometry": {"type": "LineString", "coordinates": [[-73.9789298, 40.78756543], [-73.97913793, 40.78728029], [-73.97934606, 40.78699516]]}, "properties": {"block_id": "106554", "borough": "Manhattan", "shade_score": 0.899}}, {"type": "Feature", "geometry": {"type": "LineString", "coordinates": [[-73.98073873, 40.77999068], [-73.98103908, 40.7801187], [-73.98133943, 40.78024673]]}, "properties": {"block_id": "106350", "borough": "Manhattan", "shade_score": 0.607}}, {"type": "Feature", "geometry": {"type": "LineString", "coordinates": [[-73.97134778, 40.78270365], [-73.97266744, 40.78326147], [-73.97398711, 40.7838193]]}, "properties": {"block_id": "106411", "borough": "Manhattan", "shade_score": 0.945}}, {"type": "Feature", "geometry": {"type": "LineString", "coordinates": [[-73.96835881, 40.79152533], [-73.96815259, 40.79181414], [-73.96794636, 40.79210294]]}, "properties": {"block_id": "106688", "borough": "Manhattan", "shade_score": 0.0}}, {"type": "Feature", "geometry": {"type": "LineString", "coordinates": [[-73.97191438, 40.79718373], [-73.97211865, 40.79690373], [-73.97232293, 40.79662373]]}, "properties": {"block_id": "106813", "borough": "Manhattan", "shade_score": 0.884}}, {"type": "Feature", "geometry": {"type": "LineString", "coordinates": [[-73.98123518, 40.77422079], [-73.98143825, 40.77394361], [-73.98164133, 40.77366642]]}, "properties": {"block_id": "106177", "borough": "Manhattan", "shade_score": 0.745}}, {"type": "Feature", "geometry": {"type": "LineString", "coordinates": [[-73.97940577, 40.78182689], [-73.98003401, 40.78209201], [-73.98066224, 40.78235713]]}, "properties": {"block_id": "106386", "borough": "Manhattan", "shade_score": 0.892}}, {"type": "Feature", "geometry": {"type": "LineString", "coordinates": [[-73.97590159, 40.79538316], [-73.97632609, 40.79414289], [-73.97690075, 40.79295222]]}, "properties": {"block_id": "602376", "borough": "Manhattan", "shade_score": 0.175}}, {"type": "Feature", "geometry": {"type": "LineString", "coordinates": [[-73.9806022, 40.77984404], [-73.97927602, 40.77928507], [-73.97794984, 40.7787261]]}, "properties": {"block_id": "106318", "borough": "Manhattan", "shade_score": 0.908}}, {"type": "Feature", "geometry": {"type": "LineString", "coordinates": [[-73.98876957, 40.77410588], [-73.98919133, 40.77428491], [-73.98961308, 40.77446395]]}, "properties": {"block_id": "106184", "borough": "Manhattan", "shade_score": 0.938}}, {"type": "Feature", "geometry": {"type": "LineString", "coordinates": [[-73.97489587, 40.79010275], [-73.97430997, 40.78985695], [-73.97372407, 40.78961116]]}, "properties": {"block_id": "106620", "borough": "Manhattan", "shade_score": 0.907}}, {"type": "Feature", "geometry": {"type": "LineString", "coordinates": [[-73.98228468, 40.77711778], [-73.98229828, 40.77676171], [-73.98231187, 40.77640564]]}, "properties": {"block_id": "106259", "borough": "Manhattan", "shade_score": 0.991}}, {"type": "Feature", "geometry": {"type": "LineString", "coordinates": [[-73.97724664, 40.77935135], [-73.97704091, 40.77963393], [-73.97683518, 40.77991652]]}, "properties": {"block_id": "106325", "borough": "Manhattan", "shade_score": 0.0}}, {"type": "Feature", "geometry": {"type": "LineString", "coordinates": [[-73.97546101, 40.7919892], [-73.97487778, 40.79174076], [-73.97429455, 40.79149233]]}, "properties": {"block_id": "106663", "borough": "Manhattan", "shade_score": 0.862}}, {"type": "Feature", "geometry": {"type": "LineString", "coordinates": [[-73.97352884, 40.78445472], [-73.97220555, 40.78389636], [-73.97088225, 40.78333801]]}, "properties": {"block_id": "106427", "borough": "Manhattan", "shade_score": 0.892}}, {"type": "Feature", "geometry": {"type": "LineString", "coordinates": [[-73.98435985, 40.76996419], [-73.98395369, 40.77052048], [-73.98354752, 40.77107676]]}, "properties": {"block_id": "106125", "borough": "Manhattan", "shade_score": 0.0}}, {"type": "Feature", "geometry": {"type": "LineString", "coordinates": [[-73.97187143, 40.79971821], [-73.9716661, 40.79999806], [-73.97146078, 40.80027791]]}, "properties": {"block_id": "106897", "borough": "Manhattan", "shade_score": 0.076}}, {"type": "Feature", "geometry": {"type": "LineString", "coordinates": [[-73.98189849, 40.78558264], [-73.98163754, 40.78583197], [-73.98140191, 40.78610476]]}, "properties": {"block_id": "107070", "borough": "Manhattan", "shade_score": 0.012}}, {"type": "Feature", "geometry": {"type": "LineString", "coordinates": [[-73.98739639, 40.77599211], [-73.98782258, 40.77540719], [-73.98824877, 40.77482228]]}, "properties": {"block_id": "106236", "borough": "Manhattan", "shade_score": 0.905}}, {"type": "Feature", "geometry": {"type": "LineString", "coordinates": [[-73.97887256, 40.78504633], [-73.97907953, 40.78476489], [-73.9792865, 40.78448344]]}, "properties": {"block_id": "106459", "borough": "Manhattan", "shade_score": 0.0}}, {"type": "Feature", "geometry": {"type": "LineString", "coordinates": [[-73.97083139, 40.78848791], [-73.97215762, 40.78904439], [-73.97348385, 40.78960087]]}, "properties": {"block_id": "106602", "borough": "Manhattan", "shade_score": 0.358}}, {"type": "Feature", "geometry": {"type": "LineString", "coordinates": [[-73.97129325, 40.78277509], [-73.97261577, 40.78333284], [-73.97393829, 40.78389058]]}, "properties": {"block_id": "106425", "borough": "Manhattan", "shade_score": 0.511}}, {"type": "Feature", "geometry": {"type": "LineString", "coordinates": [[-73.97966156, 40.78455271], [-73.97987624, 40.78426226], [-73.98009091, 40.7839718]]}, "properties": {"block_id": "106468", "borough": "Manhattan", "shade_score": 0.317}}, {"type": "Feature", "geometry": {"type": "LineString", "coordinates": [[-73.97078815, 40.79329904], [-73.97099609, 40.79301275], [-73.97120403, 40.79272645]]}, "properties": {"block_id": "106693", "borough": "Manhattan", "shade_score": 0.0}}, {"type": "Feature", "geometry": {"type": "LineString", "coordinates": [[-73.97579497, 40.79540513], [-73.97602682, 40.79514724], [-73.97619955, 40.79484793]]}, "properties": {"block_id": "107072", "borough": "Manhattan", "shade_score": 0.184}}, {"type": "Feature", "geometry": {"type": "LineString", "coordinates": [[-73.98199132, 40.77535785], [-73.98138617, 40.77510235], [-73.98078101, 40.77484685]]}, "properties": {"block_id": "106200", "borough": "Manhattan", "shade_score": 0.919}}, {"type": "Feature", "geometry": {"type": "LineString", "coordinates": [[-73.98003773, 40.78376364], [-73.98024782, 40.78348968], [-73.98045792, 40.78321572]]}, "properties": {"block_id": "107036", "borough": "Manhattan", "shade_score": 0.0}}, {"type": "Feature", "geometry": {"type": "LineString", "coordinates": [[-73.97143169, 40.79275], [-73.97163501, 40.79247162], [-73.97183833, 40.79219324]]}, "properties": {"block_id": "106704", "borough": "Manhattan", "shade_score": 0.544}}, {"type": "Feature", "geometry": {"type": "LineString", "coordinates": [[-73.98951466, 40.77615794], [-73.98931765, 40.77644936], [-73.98912064, 40.77674078]]}, "properties": {"block_id": "106234", "borough": "Manhattan", "shade_score": 0.048}}, {"type": "Feature", "geometry": {"type": "LineString", "coordinates": [[-73.97308043, 40.79016162], [-73.97175002, 40.78960171], [-73.9704196, 40.78904179]]}, "properties": {"block_id": "106604", "borough": "Manhattan", "shade_score": 0.72}}, {"type": "Feature", "geometry": {"type": "LineString", "coordinates": [[-73.98549506, 40.77857029], [-73.98669292, 40.77907519], [-73.98789079, 40.7795801]]}, "properties": {"block_id": "106300", "borough": "Manhattan", "shade_score": 0.817}}, {"type": "Feature", "geometry": {"type": "LineString", "coordinates": [[-73.96737355, 40.79287978], [-73.96716622, 40.79316151], [-73.96695889, 40.79344325]]}, "properties": {"block_id": "106736", "borough": "Manhattan", "shade_score": 0.0}}, {"type": "Feature", "geometry": {"type": "LineString", "coordinates": [[-73.98099571, 40.77421199], [-73.9796745, 40.77365554], [-73.9783533, 40.7730991]]}, "properties": {"block_id": "106159", "borough": "Manhattan", "shade_score": 0.832}}, {"type": "Feature", "geometry": {"type": "LineString", "coordinates": [[-73.97696957, 40.7902524], [-73.97676951, 40.79052945], [-73.97656944, 40.7908065]]}, "properties": {"block_id": "106638", "borough": "Manhattan", "shade_score": 0.882}}, {"type": "Feature", "geometry": {"type": "LineString", "coordinates": [[-73.98073412, 40.78509564], [-73.98131631, 40.78533914], [-73.98189849, 40.78558264]]}, "properties": {"block_id": "106493", "borough": "Manhattan", "shade_score": 0.531}}, {"type": "Feature", "geometry": {"type": "LineString", "coordinates": [[-73.96869013, 40.79921467], [-73.96926604, 40.79945401], [-73.96984195, 40.79969335]]}, "properties": {"block_id": "106904", "borough": "Manhattan", "shade_score": 0.791}}, {"type": "Feature", "geometry": {"type": "LineString", "coordinates": [[-73.97828793, 40.78811481], [-73.97777082, 40.78789839], [-73.97725372, 40.78768197]]}, "properties": {"block_id": "106561", "borough": "Manhattan", "shade_score": 0.922}}, {"type": "Feature", "geometry": {"type": "LineString", "coordinates": [[-73.9707002, 40.79585344], [-73.97011556, 40.79560505], [-73.96953092, 40.79535666]]}, "properties": {"block_id": "106768", "borough": "Manhattan", "shade_score": 0.901}}, {"type": "Feature", "geometry": {"type": "LineString", "coordinates": [[-73.9828159, 40.77171365], [-73.98259885, 40.7720141], [-73.98238179, 40.77231456]]}, "properties": {"block_id": "106136", "borough": "Manhattan", "shade_score": 0.0}}, {"type": "Feature", "geometry": {"type": "LineString", "coordinates": [[-73.97206805, 40.79392977], [-73.97186158, 40.79421403], [-73.9716551, 40.79449828]]}, "properties": {"block_id": "106738", "borough": "Manhattan", "shade_score": 0.047}}, {"type": "Feature", "geometry": {"type": "LineString", "coordinates": [[-73.96927477, 40.79780477], [-73.96869056, 40.79755968], [-73.96810636, 40.7973146]]}, "properties": {"block_id": "106838", "borough": "Manhattan", "shade_score": 0.588}}, {"type": "Feature", "geometry": {"type": "LineString", "coordinates": [[-73.98231784, 40.77058082], [-73.98231156, 40.77022276], [-73.98230529, 40.7698647]]}, "properties": {"block_id": "106103", "borough": "Manhattan", "shade_score": 0.657}}, {"type": "Feature", "geometry": {"type": "LineString", "coordinates": [[-73.97035533, 40.7989825], [-73.96976843, 40.7987416], [-73.96918153, 40.7985007]]}, "properties": {"block_id": "106853", "borough": "Manhattan", "shade_score": 0.891}}, {"type": "Feature", "geometry": {"type": "LineString", "coordinates": [[-73.98912064, 40.77674078], [-73.98825851, 40.77636644], [-73.98739639, 40.77599211]]}, "properties": {"block_id": "106235", "borough": "Manhattan", "shade_score": 0.953}}, {"type": "Feature", "geometry": {"type": "LineString", "coordinates": [[-73.9854611, 40.7735367], [-73.9861174, 40.7726408], [-73.9867737, 40.7717449]]}, "properties": {"block_id": "106142", "borough": "Manhattan", "shade_score": 0.318}}, {"type": "Feature", "geometry": {"type": "LineString", "coordinates": [[-73.98271199, 40.77729159], [-73.98405278, 40.77780076], [-73.98538008, 40.77835852]]}, "properties": {"block_id": "106285", "borough": "Manhattan", "shade_score": 0.612}}, {"type": "Feature", "geometry": {"type": "LineString", "coordinates": [[-73.97279024, 40.7858021], [-73.97299449, 40.78551833], [-73.97319874, 40.78523456]]}, "properties": {"block_id": "106503", "borough": "Manhattan", "shade_score": 0.369}}, {"type": "Feature", "geometry": {"type": "LineString", "coordinates": [[-73.97746088, 40.78693353], [-73.97677853, 40.78664606], [-73.97609618, 40.7863586]]}, "properties": {"block_id": "106517", "borough": "Manhattan", "shade_score": 0.922}}, {"type": "Feature", "geometry": {"type": "LineString", "coordinates": [[-73.98915278, 40.7750942], [-73.98873116, 40.77491748], [-73.98830955, 40.77474076]]}, "properties": {"block_id": "106192", "borough": "Manhattan", "shade_score": 0.0}}, {"type": "Feature", "geometry": {"type": "LineString", "coordinates": [[-73.98244831, 40.77731344], [-73.98236344, 40.77727662], [-73.98227856, 40.77723981]]}, "properties": {"block_id": "106267", "borough": "Manhattan", "shade_score": 1.0}}, {"type": "Feature", "geometry": {"type": "LineString", "coordinates": [[-73.98357877, 40.7811914], [-73.98428063, 40.78148625], [-73.98498249, 40.78178111]]}, "properties": {"block_id": "106378", "borough": "Manhattan", "shade_score": 0.564}}, {"type": "Feature", "geometry": {"type": "LineString", "coordinates": [[-73.97438073, 40.79080472], [-73.9741781, 40.79108234], [-73.97397548, 40.79135995]]}, "properties": {"block_id": "106646", "borough": "Manhattan", "shade_score": 0.0}}, {"type": "Feature", "geometry": {"type": "LineString", "coordinates": [[-73.98101319, 40.77927872], [-73.9808077, 40.77956138], [-73.9806022, 40.77984404]]}, "properties": {"block_id": "106317", "borough": "Manhattan", "shade_score": 0.0}}, {"type": "Feature", "geometry": {"type": "LineString", "coordinates": [[-73.97933877, 40.78441322], [-73.97955561, 40.78412718], [-73.97977244, 40.78384114]]}, "properties": {"block_id": "106435", "borough": "Manhattan", "shade_score": 0.0}}, {"type": "Feature", "geometry": {"type": "LineString", "coordinates": [[-73.97777821, 40.7870726], [-73.97798647, 40.78679167], [-73.97819472, 40.78651074]]}, "properties": {"block_id": "106542", "borough": "Manhattan", "shade_score": 0.263}}, {"type": "Feature", "geometry": {"type": "LineString", "coordinates": [[-73.96980333, 40.79464504], [-73.96848084, 40.79408676], [-73.96715834, 40.79352848]]}, "properties": {"block_id": "106728", "borough": "Manhattan", "shade_score": 0.944}}, {"type": "Feature", "geometry": {"type": "LineString", "coordinates": [[-73.97053957, 40.79907035], [-73.97074489, 40.79879035], [-73.97095021, 40.79851035]]}, "properties": {"block_id": "106871", "borough": "Manhattan", "shade_score": 0.819}}, {"type": "Feature", "geometry": {"type": "LineString", "coordinates": [[-73.9750098, 40.792614], [-73.97442201, 40.79236675], [-73.97383423, 40.79211949]]}, "properties": {"block_id": "106678", "borough": "Manhattan", "shade_score": 0.831}}, {"type": "Feature", "geometry": {"type": "LineString", "coordinates": [[-73.9820221, 40.77314287], [-73.98203145, 40.77344405], [-73.98204079, 40.77374524]]}, "properties": {"block_id": "106160", "borough": "Manhattan", "shade_score": 0.0}}, {"type": "Feature", "geometry": {"type": "LineString", "coordinates": [[-73.97064708, 40.7959245], [-73.97044653, 40.79620239], [-73.97024598, 40.79648028]]}, "properties": {"block_id": "106778", "borough": "Manhattan", "shade_score": 0.0}}, {"type": "Feature", "geometry": {"type": "LineString", "coordinates": [[-73.98235113, 40.77152283], [-73.98258352, 40.77161824], [-73.9828159, 40.77171365]]}, "properties": {"block_id": "106135", "borough": "Manhattan", "shade_score": 0.657}}, {"type": "Feature", "geometry": {"type": "LineString", "coordinates": [[-73.96896749, 40.79852722], [-73.96877455, 40.79878985], [-73.96858161, 40.79905247]]}, "properties": {"block_id": "107028", "borough": "Manhattan", "shade_score": 0.109}}, {"type": "Feature", "geometry": {"type": "LineString", "coordinates": [[-73.97216166, 40.79141593], [-73.97236457, 40.79113824], [-73.97256748, 40.79086055]]}, "properties": {"block_id": "106660", "borough": "Manhattan", "shade_score": 0.0}}, {"type": "Feature", "geometry": {"type": "LineString", "coordinates": [[-73.96766759, 40.79281626], [-73.96899577, 40.79337726], [-73.97032395, 40.79393827]]}, "properties": {"block_id": "106706", "borough": "Manhattan", "shade_score": 0.952}}, {"type": "Feature", "geometry": {"type": "LineString", "coordinates": [[-73.97033687, 40.79663701], [-73.97014394, 40.79689964], [-73.96995101, 40.79716227]]}, "properties": {"block_id": "107025", "borough": "Manhattan", "shade_score": 0.234}}, {"type": "Feature", "geometry": {"type": "LineString", "coordinates": [[-73.98159175, 40.78357626], [-73.98112533, 40.78338037], [-73.98065891, 40.78318447]]}, "properties": {"block_id": "106423", "borough": "Manhattan", "shade_score": 0.904}}, {"type": "Feature", "geometry": {"type": "LineString", "coordinates": [[-73.98209438, 40.77888916], [-73.98320949, 40.77935904], [-73.9843246, 40.77982892]]}, "properties": {"block_id": "106340", "borough": "Manhattan", "shade_score": 0.343}}, {"type": "Feature", "geometry": {"type": "LineString", "coordinates": [[-73.9825088, 40.78499772], [-73.98223848, 40.78525929], [-73.98196816, 40.78552086]]}, "properties": {"block_id": "106474", "borough": "Manhattan", "shade_score": 0.022}}, {"type": "Feature", "geometry": {"type": "LineString", "coordinates": [[-73.97579497, 40.79540513], [-73.97480911, 40.7949884], [-73.97382325, 40.79457166]]}, "properties": {"block_id": "106742", "borough": "Manhattan", "shade_score": 0.969}}, {"type": "Feature", "geometry": {"type": "LineString", "coordinates": [[-73.97600326, 40.77632503], [-73.9773253, 40.77688205], [-73.97864735, 40.77743906]]}, "properties": {"block_id": "106255", "borough": "Manhattan", "shade_score": 0.737}}, {"type": "Feature", "geometry": {"type": "LineString", "coordinates": [[-73.97775332, 40.78374757], [-73.97796673, 40.7834586], [-73.97818014, 40.78316962]]}, "properties": {"block_id": "106408", "borough": "Manhattan", "shade_score": 0.0}}, {"type": "Feature", "geometry": {"type": "LineString", "coordinates": [[-73.96708003, 40.78854754], [-73.96840502, 40.7891039], [-73.96973, 40.78966025]]}, "properties": {"block_id": "106606", "borough": "Manhattan", "shade_score": 0.415}}, {"type": "Feature", "geometry": {"type": "LineString", "coordinates": [[-73.97755125, 40.79214647], [-73.97726638, 40.79236553], [-73.97703716, 40.79264087]]}, "properties": {"block_id": "107059", "borough": "Manhattan", "shade_score": 0.092}}, {"type": "Feature", "geometry": {"type": "LineString", "coordinates": [[-73.97213737, 40.78636667], [-73.97080945, 40.78581227], [-73.96948153, 40.78525788]]}, "properties": {"block_id": "106491", "borough": "Manhattan", "shade_score": 0.954}}, {"type": "Feature", "geometry": {"type": "LineString", "coordinates": [[-73.9657426, 40.79546394], [-73.9664168, 40.79453776], [-73.967091, 40.79361159]]}, "properties": {"block_id": "106774", "borough": "Manhattan", "shade_score": 0.902}}, {"type": "Feature", "geometry": {"type": "LineString", "coordinates": [[-73.98194875, 40.77043305], [-73.98131797, 40.77016754], [-73.98068719, 40.76990202]]}, "properties": {"block_id": "106089", "borough": "Manhattan", "shade_score": 0.205}}, {"type": "Feature", "geometry": {"type": "LineString", "coordinates": [[-73.97875587, 40.78238079], [-73.97895931, 40.78209973], [-73.97916274, 40.78181866]]}, "properties": {"block_id": "106372", "borough": "Manhattan", "shade_score": 0.023}}, {"type": "Feature", "geometry": {"type": "LineString", "coordinates": [[-73.97504188, 40.79609736], [-73.97466293, 40.79636857], [-73.97433346, 40.79669692]]}, "properties": {"block_id": "111905", "borough": "Manhattan", "shade_score": 0.0}}, {"type": "Feature", "geometry": {"type": "LineString", "coordinates": [[-73.97866125, 40.78588277], [-73.97914272, 40.78608335], [-73.97962418, 40.78628393]]}, "properties": {"block_id": "106523", "borough": "Manhattan", "shade_score": 0.654}}, {"type": "Feature", "geometry": {"type": "LineString", "coordinates": [[-73.97981648, 40.78126222], [-73.97961113, 40.78154455], [-73.97940577, 40.78182689]]}, "properties": {"block_id": "106389", "borough": "Manhattan", "shade_score": 0.861}}, {"type": "Feature", "geometry": {"type": "LineString", "coordinates": [[-73.97121461, 40.79780869], [-73.97063218, 40.79756274], [-73.97004974, 40.79731679]]}, "properties": {"block_id": "106842", "borough": "Manhattan", "shade_score": 0.836}}, {"type": "Feature", "geometry": {"type": "LineString", "coordinates": [[-73.97981494, 40.7761724], [-73.97961288, 40.7764492], [-73.97941082, 40.77672599]]}, "properties": {"block_id": "106240", "borough": "Manhattan", "shade_score": 0.542}}, {"type": "Feature", "geometry": {"type": "LineString", "coordinates": [[-73.98264789, 40.78486783], [-73.98197834, 40.78458566], [-73.98130878, 40.78430348]]}, "properties": {"block_id": "106455", "borough": "Manhattan", "shade_score": 0.941}}, {"type": "Feature", "geometry": {"type": "LineString", "coordinates": [[-73.96926774, 40.79028547], [-73.96906622, 40.79056718], [-73.96886469, 40.79084888]]}, "properties": {"block_id": "106623", "borough": "Manhattan", "shade_score": 0.559}}, {"type": "Feature", "geometry": {"type": "LineString", "coordinates": [[-73.98660985, 40.77157552], [-73.98679537, 40.77132329], [-73.98698089, 40.77107105]]}, "properties": {"block_id": "106123", "borough": "Manhattan", "shade_score": 0.617}}, {"type": "Feature", "geometry": {"type": "LineString", "coordinates": [[-73.97099657, 40.7984388], [-73.97120096, 40.79815937], [-73.97140536, 40.79787994]]}, "properties": {"block_id": "106850", "borough": "Manhattan", "shade_score": 0.894}}, {"type": "Feature", "geometry": {"type": "LineString", "coordinates": [[-73.98475059, 40.77415923], [-73.98455098, 40.77443565], [-73.98435138, 40.77471206]]}, "properties": {"block_id": "106164", "borough": "Manhattan", "shade_score": 0.0}}, {"type": "Feature", "geometry": {"type": "LineString", "coordinates": [[-73.97559371, 40.79213981], [-73.97627972, 40.79243071], [-73.97696573, 40.7927216]]}, "properties": {"block_id": "106714", "borough": "Manhattan", "shade_score": 0.395}}, {"type": "Feature", "geometry": {"type": "LineString", "coordinates": [[-73.9798107, 40.78636429], [-73.97960327, 40.78664692], [-73.97939584, 40.78692956]]}, "properties": {"block_id": "106531", "borough": "Manhattan", "shade_score": 0.916}}, {"type": "Feature", "geometry": {"type": "LineString", "coordinates": [[-73.97265044, 40.7958414], [-73.97206562, 40.79559505], [-73.97148079, 40.7953487]]}, "properties": {"block_id": "106764", "borough": "Manhattan", "shade_score": 0.85}}, {"type": "Feature", "geometry": {"type": "LineString", "coordinates": [[-73.97110966, 40.79529108], [-73.97090493, 40.79557226], [-73.9707002, 40.79585344]]}, "properties": {"block_id": "106767", "borough": "Manhattan", "shade_score": 0.0}}, {"type": "Feature", "geometry": {"type": "LineString", "coordinates": [[-73.98232264, 40.77631447], [-73.98233321, 40.7759623], [-73.98234379, 40.77561014]]}, "properties": {"block_id": "106232", "borough": "Manhattan", "shade_score": 1.0}}, {"type": "Feature", "geometry": {"type": "LineString", "coordinates": [[-73.97939584, 40.78692956], [-73.98023295, 40.78727968], [-73.98107006, 40.7876298]]}, "properties": {"block_id": "106532", "borough": "Manhattan", "shade_score": 0.898}}, {"type": "Feature", "geometry": {"type": "LineString", "coordinates": [[-73.9745482, 40.7932419], [-73.9739625, 40.79299551], [-73.97337679, 40.79274912]]}, "properties": {"block_id": "106699", "borough": "Manhattan", "shade_score": 0.923}}, {"type": "Feature", "geometry": {"type": "LineString", "coordinates": [[-73.98971949, 40.77380881], [-73.98944136, 40.77368794], [-73.98916323, 40.77356707]]}, "properties": {"block_id": "106182", "borough": "Manhattan", "shade_score": 0.895}}, {"type": "Feature", "geometry": {"type": "LineString", "coordinates": [[-73.9782232, 40.77801656], [-73.97690285, 40.77745678], [-73.97558249, 40.77689701]]}, "properties": {"block_id": "106257", "borough": "Manhattan", "shade_score": 0.899}}, {"type": "Feature", "geometry": {"type": "LineString", "coordinates": [[-73.96990386, 40.78467799], [-73.97122707, 40.78523497], [-73.97255028, 40.78579195]]}, "properties": {"block_id": "106489", "borough": "Manhattan", "shade_score": 0.103}}, {"type": "Feature", "geometry": {"type": "LineString", "coordinates": [[-73.97125914, 40.79537567], [-73.97106622, 40.79564187], [-73.9708733, 40.79590808]]}, "properties": {"block_id": "107023", "borough": "Manhattan", "shade_score": 0.419}}, {"type": "Feature", "geometry": {"type": "LineString", "coordinates": [[-73.97931967, 40.79124813], [-73.97814462, 40.79075027], [-73.97696957, 40.7902524]]}, "properties": {"block_id": "106640", "borough": "Manhattan", "shade_score": 0.318}}, {"type": "Feature", "geometry": {"type": "LineString", "coordinates": [[-73.98954378, 40.77455841], [-73.98934828, 40.77482631], [-73.98915278, 40.7750942]]}, "properties": {"block_id": "106191", "borough": "Manhattan", "shade_score": 0.0}}, {"type": "Feature", "geometry": {"type": "LineString", "coordinates": [[-73.97719243, 40.78775032], [-73.97771866, 40.78797123], [-73.97824489, 40.78819215]]}, "properties": {"block_id": "106574", "borough": "Manhattan", "shade_score": 0.784}}, {"type": "Feature", "geometry": {"type": "LineString", "coordinates": [[-73.98146311, 40.78112846], [-73.98219564, 40.78143643], [-73.98292817, 40.7817444]]}, "properties": {"block_id": "106374", "borough": "Manhattan", "shade_score": 0.438}}, {"type": "Feature", "geometry": {"type": "LineString", "coordinates": [[-73.97916992, 40.77671676], [-73.97895936, 40.77700066], [-73.9787488, 40.77728456]]}, "properties": {"block_id": "106246", "borough": "Manhattan", "shade_score": 0.026}}, {"type": "Feature", "geometry": {"type": "LineString", "coordinates": [[-73.97507004, 40.77759982], [-73.97639068, 40.77815774], [-73.97771132, 40.77871566]]}, "properties": {"block_id": "106314", "borough": "Manhattan", "shade_score": 0.41}}, {"type": "Feature", "geometry": {"type": "LineString", "coordinates": [[-73.98119575, 40.77936765], [-73.98136926, 40.77943817], [-73.98154277, 40.77950869]]}, "properties": {"block_id": "106331", "borough": "Manhattan", "shade_score": 0.002}}, {"type": "Feature", "geometry": {"type": "LineString", "coordinates": [[-73.98178513, 40.78364978], [-73.98198899, 40.78337192], [-73.98219285, 40.78309406]]}, "properties": {"block_id": "106432", "borough": "Manhattan", "shade_score": 0.757}}, {"type": "Feature", "geometry": {"type": "LineString", "coordinates": [[-73.98205688, 40.78294282], [-73.98152534, 40.78271949], [-73.98099379, 40.78249615]]}, "properties": {"block_id": "106396", "borough": "Manhattan", "shade_score": 0.911}}, {"type": "Feature", "geometry": {"type": "LineString", "coordinates": [[-73.97453389, 40.79088766], [-73.97434099, 40.79115387], [-73.97414809, 40.79142008]]}, "properties": {"block_id": "107018", "borough": "Manhattan", "shade_score": 0.098}}, {"type": "Feature", "geometry": {"type": "LineString", "coordinates": [[-73.97186149, 40.79725439], [-73.97165813, 40.797534], [-73.97145476, 40.79781361]]}, "properties": {"block_id": "106832", "borough": "Manhattan", "shade_score": 0.923}}, {"type": "Feature", "geometry": {"type": "LineString", "coordinates": [[-73.98708852, 40.77095749], [-73.98576116, 40.77039638], [-73.9844338, 40.76983527]]}, "properties": {"block_id": "106099", "borough": "Manhattan", "shade_score": 0.223}}, {"type": "Feature", "geometry": {"type": "LineString", "coordinates": [[-73.98265648, 40.78246099], [-73.98350956, 40.78282143], [-73.98436265, 40.78318188]]}, "properties": {"block_id": "106414", "borough": "Manhattan", "shade_score": 0.613}}, {"type": "Feature", "geometry": {"type": "LineString", "coordinates": [[-73.96687242, 40.79356565], [-73.96553167, 40.79307098], [-73.964193, 40.79250544]]}, "properties": {"block_id": "107081", "borough": "Manhattan", "shade_score": 0.195}}, {"type": "Feature", "geometry": {"type": "LineString", "coordinates": [[-73.97109875, 40.78777994], [-73.96977649, 40.78722096], [-73.96845424, 40.78666199]]}, "properties": {"block_id": "106550", "borough": "Manhattan", "shade_score": 0.171}}, {"type": "Feature", "geometry": {"type": "LineString", "coordinates": [[-73.9735221, 40.79198331], [-73.97372281, 40.79170756], [-73.97392351, 40.7914318]]}, "properties": {"block_id": "106667", "borough": "Manhattan", "shade_score": 0.0}}, {"type": "Feature", "geometry": {"type": "LineString", "coordinates": [[-73.98216515, 40.77554408], [-73.98215252, 40.77588717], [-73.98213989, 40.77623026]]}, "properties": {"block_id": "107050", "borough": "Manhattan", "shade_score": 0.854}}, {"type": "Feature", "geometry": {"type": "LineString", "coordinates": [[-73.98197189, 40.7713594], [-73.98198418, 40.77172491], [-73.98199646, 40.77209042]]}, "properties": {"block_id": "106113", "borough": "Manhattan", "shade_score": 0.0}}, {"type": "Feature", "geometry": {"type": "LineString", "coordinates": [[-73.97095021, 40.79851035], [-73.97171317, 40.79883203], [-73.97247613, 40.7991537]]}, "properties": {"block_id": "106868", "borough": "Manhattan", "shade_score": 0.506}}, {"type": "Feature", "geometry": {"type": "LineString", "coordinates": [[-73.9826019, 40.7851252], [-73.98262294, 40.78509782], [-73.98264398, 40.78507044]]}, "properties": {"block_id": "602360", "borough": "Manhattan", "shade_score": 0.0}}, {"type": "Feature", "geometry": {"type": "LineString", "coordinates": [[-73.98227856, 40.77723981], [-73.98227709, 40.77738019], [-73.98227563, 40.77752057]]}, "properties": {"block_id": "106268", "borough": "Manhattan", "shade_score": 0.999}}, {"type": "Feature", "geometry": {"type": "LineString", "coordinates": [[-73.98032657, 40.78565148], [-73.98053035, 40.78537356], [-73.98073412, 40.78509564]]}, "properties": {"block_id": "106495", "borough": "Manhattan", "shade_score": 0.895}}, {"type": "Feature", "geometry": {"type": "LineString", "coordinates": [[-73.96913449, 40.79857009], [-73.96971953, 40.79881445], [-73.97030457, 40.79905881]]}, "properties": {"block_id": "106893", "borough": "Manhattan", "shade_score": 0.132}}, {"type": "Feature", "geometry": {"type": "LineString", "coordinates": [[-73.98746365, 40.77857855], [-73.98784991, 40.77874321], [-73.98823617, 40.77890787]]}, "properties": {"block_id": "106303", "borough": "Manhattan", "shade_score": 0.759}}, {"type": "Feature", "geometry": {"type": "LineString", "coordinates": [[-73.96654295, 40.79911669], [-73.96634081, 40.79939682], [-73.96613867, 40.79967696]]}, "properties": {"block_id": "106860", "borough": "Manhattan", "shade_score": 0.0}}, {"type": "Feature", "geometry": {"type": "LineString", "coordinates": [[-73.97088205, 40.78841572], [-73.97108266, 40.78813805], [-73.97128326, 40.78786037]]}, "properties": {"block_id": "106585", "borough": "Manhattan", "shade_score": 0.589}}, {"type": "Feature", "geometry": {"type": "LineString", "coordinates": [[-73.97284188, 40.79591902], [-73.97304491, 40.79563729], [-73.97324795, 40.79535557]]}, "properties": {"block_id": "106796", "borough": "Manhattan", "shade_score": 0.574}}, {"type": "Feature", "geometry": {"type": "LineString", "coordinates": [[-73.9792865, 40.78448344], [-73.97859028, 40.78419023], [-73.97789406, 40.78389701]]}, "properties": {"block_id": "106460", "borough": "Manhattan", "shade_score": 0.375}}, {"type": "Feature", "geometry": {"type": "LineString", "coordinates": [[-73.97881534, 40.78511434], [-73.97860647, 40.7853937], [-73.97839759, 40.78567307]]}, "properties": {"block_id": "106478", "borough": "Manhattan", "shade_score": 0.0}}, {"type": "Feature", "geometry": {"type": "LineString", "coordinates": [[-73.98463121, 40.779756], [-73.98609581, 40.78036556], [-73.98745905, 40.78021311]]}, "properties": {"block_id": "107053", "borough": "Manhattan", "shade_score": 0.96}}, {"type": "Feature", "geometry": {"type": "LineString", "coordinates": [[-73.98509648, 40.77911935], [-73.98606374, 40.77952951], [-73.98674049, 40.77990721]]}, "properties": {"block_id": "112058", "borough": "Manhattan", "shade_score": 0.877}}, {"type": "Feature", "geometry": {"type": "LineString", "coordinates": [[-73.97018979, 40.79654918], [-73.96998846, 40.79682992], [-73.96978713, 40.79711065]]}, "properties": {"block_id": "106803", "borough": "Manhattan", "shade_score": 0.006}}, {"type": "Feature", "geometry": {"type": "LineString", "coordinates": [[-73.9755248, 40.77697133], [-73.97533025, 40.77725193], [-73.97513571, 40.77753252]]}, "properties": {"block_id": "106263", "borough": "Manhattan", "shade_score": 0.966}}, {"type": "Feature", "geometry": {"type": "LineString", "coordinates": [[-73.97051169, 40.79668394], [-73.97030837, 40.79695974], [-73.97010505, 40.79723553]]}, "properties": {"block_id": "106814", "borough": "Manhattan", "shade_score": 0.667}}, {"type": "Feature", "geometry": {"type": "LineString", "coordinates": [[-73.98717123, 40.77590289], [-73.98585085, 40.77534731], [-73.98453048, 40.77479173]]}, "properties": {"block_id": "106196", "borough": "Manhattan", "shade_score": 0.635}}, {"type": "Feature", "geometry": {"type": "LineString", "coordinates": [[-73.9694598, 40.79036275], [-73.96925116, 40.79064322], [-73.96904252, 40.79092369]]}, "properties": {"block_id": "106649", "borough": "Manhattan", "shade_score": 1.0}}, {"type": "Feature", "geometry": {"type": "LineString", "coordinates": [[-73.97893754, 40.77737079], [-73.979146, 40.77708266], [-73.97935446, 40.77679454]]}, "properties": {"block_id": "106295", "borough": "Manhattan", "shade_score": 0.469}}, {"type": "Feature", "geometry": {"type": "LineString", "coordinates": [[-73.97701773, 40.77999273], [-73.97834803, 40.78055197], [-73.97967834, 40.78111122]]}, "properties": {"block_id": "106336", "borough": "Manhattan", "shade_score": 0.91}}, {"type": "Feature", "geometry": {"type": "LineString", "coordinates": [[-73.97574419, 40.78892157], [-73.97554742, 40.78919834], [-73.97535064, 40.78947511]]}, "properties": {"block_id": "106595", "borough": "Manhattan", "shade_score": 0.0}}, {"type": "Feature", "geometry": {"type": "LineString", "coordinates": [[-73.9792128, 40.78175039], [-73.97941918, 40.78146674], [-73.97962555, 40.7811831]]}, "properties": {"block_id": "106359", "borough": "Manhattan", "shade_score": 0.026}}, {"type": "Feature", "geometry": {"type": "LineString", "coordinates": [[-73.98504293, 40.77919324], [-73.98589171, 40.77955023], [-73.98674049, 40.77990721]]}, "properties": {"block_id": "112009", "borough": "Manhattan", "shade_score": 0.516}}, {"type": "Feature", "geometry": {"type": "LineString", "coordinates": [[-73.97651037, 40.79088583], [-73.97631173, 40.79115869], [-73.97611309, 40.79143154]]}, "properties": {"block_id": "106695", "borough": "Manhattan", "shade_score": 0.884}}, {"type": "Feature", "geometry": {"type": "LineString", "coordinates": [[-73.98090609, 40.78163201], [-73.98038571, 40.78141203], [-73.97986534, 40.78119204]]}, "properties": {"block_id": "106368", "borough": "Manhattan", "shade_score": 0.88}}, {"type": "Feature", "geometry": {"type": "LineString", "coordinates": [[-73.96989746, 40.79961286], [-73.96931321, 40.79936799], [-73.96872896, 40.79912312]]}, "properties": {"block_id": "106895", "borough": "Manhattan", "shade_score": 0.934}}, {"type": "Feature", "geometry": {"type": "LineString", "coordinates": [[-73.9774352, 40.77435126], [-73.97723233, 40.77462753], [-73.97702946, 40.77490381]]}, "properties": {"block_id": "106202", "borough": "Manhattan", "shade_score": 0.951}}, {"type": "Feature", "geometry": {"type": "LineString", "coordinates": [[-73.96852984, 40.79914895], [-73.96837921, 40.79943661], [-73.96822858, 40.79972426]]}, "properties": {"block_id": "107029", "borough": "Manhattan", "shade_score": 0.0}}, {"type": "Feature", "geometry": {"type": "LineString", "coordinates": [[-73.97738887, 40.78700814], [-73.97716058, 40.78727794], [-73.97693229, 40.78754775]]}, "properties": {"block_id": "106536", "borough": "Manhattan", "shade_score": 0.0}}, {"type": "Feature", "geometry": {"type": "LineString", "coordinates": [[-73.97771461, 40.78713876], [-73.97820498, 40.78734439], [-73.97869536, 40.78755002]]}, "properties": {"block_id": "106559", "borough": "Manhattan", "shade_score": 0.378}}, {"type": "Feature", "geometry": {"type": "LineString", "coordinates": [[-73.97306299, 40.79527492], [-73.97285672, 40.79555816], [-73.97265044, 40.7958414]]}, "properties": {"block_id": "106763", "borough": "Manhattan", "shade_score": 0.0}}, {"type": "Feature", "geometry": {"type": "LineString", "coordinates": [[-73.97651236, 40.78070028], [-73.97630626, 40.78098196], [-73.97610017, 40.78126365]]}, "properties": {"block_id": "106370", "borough": "Manhattan", "shade_score": 0.363}}, {"type": "Feature", "geometry": {"type": "LineString", "coordinates": [[-73.97179907, 40.78716504], [-73.97200163, 40.78687818], [-73.97220419, 40.78659131]]}, "properties": {"block_id": "106546", "borough": "Manhattan", "shade_score": 0.419}}, {"type": "Feature", "geometry": {"type": "LineString", "coordinates": [[-73.97743775, 40.77942947], [-73.97722774, 40.7797111], [-73.97701773, 40.77999273]]}, "properties": {"block_id": "106335", "borough": "Manhattan", "shade_score": 0.465}}, {"type": "Feature", "geometry": {"type": "LineString", "coordinates": [[-73.96948153, 40.78525788], [-73.9696927, 40.78496793], [-73.96990386, 40.78467799]]}, "properties": {"block_id": "106492", "borough": "Manhattan", "shade_score": 0.788}}, {"type": "Feature", "geometry": {"type": "LineString", "coordinates": [[-73.9647261, 40.79177127], [-73.96604982, 40.79232552], [-73.96737355, 40.79287978]]}, "properties": {"block_id": "106735", "borough": "Manhattan", "shade_score": 0.26}}, {"type": "Feature", "geometry": {"type": "LineString", "coordinates": [[-73.97232293, 40.79662373], [-73.97296144, 40.79689608], [-73.97359996, 40.79716843]]}, "properties": {"block_id": "106810", "borough": "Manhattan", "shade_score": 0.496}}, {"type": "Feature", "geometry": {"type": "LineString", "coordinates": [[-73.97342921, 40.79791071], [-73.97332405, 40.79823264], [-73.97315378, 40.7985251]]}, "properties": {"block_id": "107064", "borough": "Manhattan", "shade_score": 0.15}}, {"type": "Feature", "geometry": {"type": "LineString", "coordinates": [[-73.98391151, 40.78040666], [-73.98291141, 40.77998024], [-73.98191131, 40.77955382]]}, "properties": {"block_id": "106342", "borough": "Manhattan", "shade_score": 0.911}}, {"type": "Feature", "geometry": {"type": "LineString", "coordinates": [[-73.97115929, 40.79521364], [-73.97057381, 40.79497142], [-73.96998832, 40.7947292]]}, "properties": {"block_id": "106746", "borough": "Manhattan", "shade_score": 0.932}}, {"type": "Feature", "geometry": {"type": "LineString", "coordinates": [[-73.97656944, 40.7908065], [-73.9776078, 40.79124311], [-73.97864616, 40.79167972]]}, "properties": {"block_id": "106639", "borough": "Manhattan", "shade_score": 0.873}}, {"type": "Feature", "geometry": {"type": "LineString", "coordinates": [[-73.98088296, 40.78171235], [-73.98034972, 40.78148728], [-73.97981648, 40.78126222]]}, "properties": {"block_id": "106388", "borough": "Manhattan", "shade_score": 0.794}}, {"type": "Feature", "geometry": {"type": "LineString", "coordinates": [[-73.97362089, 40.77957741], [-73.97274261, 40.78078714], [-73.97186433, 40.78199687]]}, "properties": {"block_id": "106405", "borough": "Manhattan", "shade_score": 0.029}}, {"type": "Feature", "geometry": {"type": "LineString", "coordinates": [[-73.9867737, 40.7717449], [-73.98808738, 40.772296], [-73.98940106, 40.7728471]]}, "properties": {"block_id": "106137", "borough": "Manhattan", "shade_score": 0.569}}, {"type": "Feature", "geometry": {"type": "LineString", "coordinates": [[-73.98870209, 40.77420259], [-73.98912293, 40.7743805], [-73.98954378, 40.77455841]]}, "properties": {"block_id": "106190", "borough": "Manhattan", "shade_score": 0.829}}, {"type": "Feature", "geometry": {"type": "LineString", "coordinates": [[-73.967091, 40.79361159], [-73.96841719, 40.79417259], [-73.96974338, 40.7947336]]}, "properties": {"block_id": "106775", "borough": "Manhattan", "shade_score": 0.63}}, {"type": "Feature", "geometry": {"type": "LineString", "coordinates": [[-73.97080271, 40.79600813], [-73.97060743, 40.79627076], [-73.97041216, 40.79653338]]}, "properties": {"block_id": "107024", "borough": "Manhattan", "shade_score": 0.0}}, {"type": "Feature", "geometry": {"type": "LineString", "coordinates": [[-73.97904366, 40.78510843], [-73.97924122, 40.78483506], [-73.97943879, 40.7845617]]}, "properties": {"block_id": "107007", "borough": "Manhattan", "shade_score": 0.0}}, {"type": "Feature", "geometry": {"type": "LineString", "coordinates": [[-73.97177818, 40.79456164], [-73.97199052, 40.79427936], [-73.97215993, 40.79398087]]}, "properties": {"block_id": "111855", "borough": "Manhattan", "shade_score": 0.298}}, {"type": "Feature", "geometry": {"type": "LineString", "coordinates": [[-73.97748374, 40.78446073], [-73.97817815, 40.78475353], [-73.97887256, 40.78504633]]}, "properties": {"block_id": "106458", "borough": "Manhattan", "shade_score": 0.931}}, {"type": "Feature", "geometry": {"type": "LineString", "coordinates": [[-73.97918991, 40.78517985], [-73.97940049, 40.78490061], [-73.97961108, 40.78462137]]}, "properties": {"block_id": "106488", "borough": "Manhattan", "shade_score": 0.303}}, {"type": "Feature", "geometry": {"type": "LineString", "coordinates": [[-73.97260591, 40.7857221], [-73.97128148, 40.78516484], [-73.96995706, 40.78460759]]}, "properties": {"block_id": "106471", "borough": "Manhattan", "shade_score": 0.931}}, {"type": "Feature", "geometry": {"type": "LineString", "coordinates": [[-73.98709529, 40.77908787], [-73.98634862, 40.77877057], [-73.98560195, 40.77845327]]}, "properties": {"block_id": "106273", "borough": "Manhattan", "shade_score": 0.958}}, {"type": "Feature", "geometry": {"type": "LineString", "coordinates": [[-73.98311795, 40.78182654], [-73.98390193, 40.78215671], [-73.98468592, 40.78248688]]}, "properties": {"block_id": "106390", "borough": "Manhattan", "shade_score": 0.273}}, {"type": "Feature", "geometry": {"type": "LineString", "coordinates": [[-73.98065891, 40.78318447], [-73.98081029, 40.78288064], [-73.98096167, 40.7825768]]}, "properties": {"block_id": "106424", "borough": "Manhattan", "shade_score": 0.715}}, {"type": "Feature", "geometry": {"type": "LineString", "coordinates": [[-73.9699166, 40.78973807], [-73.96971152, 40.79001649], [-73.96950643, 40.79029491]]}, "properties": {"block_id": "106658", "borough": "Manhattan", "shade_score": 0.871}}, {"type": "Feature", "geometry": {"type": "LineString", "coordinates": [[-73.96872896, 40.79912312], [-73.96893173, 40.79884661], [-73.96913449, 40.79857009]]}, "properties": {"block_id": "106892", "borough": "Manhattan", "shade_score": 0.732}}, {"type": "Feature", "geometry": {"type": "LineString", "coordinates": [[-73.96973, 40.78966025], [-73.96952461, 40.78993567], [-73.96931923, 40.79021108]]}, "properties": {"block_id": "106607", "borough": "Manhattan", "shade_score": 0.146}}, {"type": "Feature", "geometry": {"type": "LineString", "coordinates": [[-73.9688139, 40.79091748], [-73.96860186, 40.79120368], [-73.96838982, 40.79148988]]}, "properties": {"block_id": "106675", "borough": "Manhattan", "shade_score": 0.393}}, {"type": "Feature", "geometry": {"type": "LineString", "coordinates": [[-73.97032395, 40.79393827], [-73.97053267, 40.79365226], [-73.97074139, 40.79336625]]}, "properties": {"block_id": "106707", "borough": "Manhattan", "shade_score": 0.0}}, {"type": "Feature", "geometry": {"type": "LineString", "coordinates": [[-73.97703716, 40.79264087], [-73.97634515, 40.79235019], [-73.97565314, 40.79205952]]}, "properties": {"block_id": "106709", "borough": "Manhattan", "shade_score": 0.934}}, {"type": "Feature", "geometry": {"type": "LineString", "coordinates": [[-73.97687676, 40.78761721], [-73.97663789, 40.78789328], [-73.97639901, 40.78816935]]}, "properties": {"block_id": "106556", "borough": "Manhattan", "shade_score": 0.0}}, {"type": "Feature", "geometry": {"type": "LineString", "coordinates": [[-73.96886469, 40.79084888], [-73.9675413, 40.79028963], [-73.9662179, 40.78973037]]}, "properties": {"block_id": "106624", "borough": "Manhattan", "shade_score": 0.855}}, {"type": "Feature", "geometry": {"type": "LineString", "coordinates": [[-73.96574343, 40.79037651], [-73.96595909, 40.7900888], [-73.96617476, 40.78980109]]}, "properties": {"block_id": "106673", "borough": "Manhattan", "shade_score": 0.96}}, {"type": "Feature", "geometry": {"type": "LineString", "coordinates": [[-73.97030457, 40.79905881], [-73.97010102, 40.79933584], [-73.96989746, 40.79961286]]}, "properties": {"block_id": "106894", "borough": "Manhattan", "shade_score": 0.0}}, {"type": "Feature", "geometry": {"type": "LineString", "coordinates": [[-73.97852497, 40.79173973], [-73.97751767, 40.79131278], [-73.97651037, 40.79088583]]}, "properties": {"block_id": "106694", "borough": "Manhattan", "shade_score": 0.219}}, {"type": "Feature", "geometry": {"type": "LineString", "coordinates": [[-73.97041139, 40.79415287], [-73.97099465, 40.79439745], [-73.97157791, 40.79464204]]}, "properties": {"block_id": "106744", "borough": "Manhattan", "shade_score": 0.0}}, {"type": "Feature", "geometry": {"type": "LineString", "coordinates": [[-73.98214766, 40.77063119], [-73.9821507, 40.77097666], [-73.98215374, 40.77132214]]}, "properties": {"block_id": "107044", "borough": "Manhattan", "shade_score": 0.678}}, {"type": "Feature", "geometry": {"type": "LineString", "coordinates": [[-73.97398711, 40.7838193], [-73.97419986, 40.78353033], [-73.9744126, 40.78324136]]}, "properties": {"block_id": "106412", "borough": "Manhattan", "shade_score": 0.0}}, {"type": "Feature", "geometry": {"type": "LineString", "coordinates": [[-73.98202253, 40.77455067], [-73.98162886, 40.77438573], [-73.98123518, 40.77422079]]}, "properties": {"block_id": "106176", "borough": "Manhattan", "shade_score": 1.0}}, {"type": "Feature", "geometry": {"type": "LineString", "coordinates": [[-73.97678258, 40.78508529], [-73.97657804, 40.78536858], [-73.97637349, 40.78565187]]}, "properties": {"block_id": "106462", "borough": "Manhattan", "shade_score": 0.0}}, {"type": "Feature", "geometry": {"type": "LineString", "coordinates": [[-73.97475901, 40.79086647], [-73.97495942, 40.79058877], [-73.97515983, 40.79031106]]}, "properties": {"block_id": "106644", "borough": "Manhattan", "shade_score": 0.974}}, {"type": "Feature", "geometry": {"type": "LineString", "coordinates": [[-73.97986534, 40.78119204], [-73.98006792, 40.78091225], [-73.9802705, 40.78063246]]}, "properties": {"block_id": "106369", "borough": "Manhattan", "shade_score": 0.82}}, {"type": "Feature", "geometry": {"type": "LineString", "coordinates": [[-73.97247613, 40.7991537], [-73.972192, 40.79939832], [-73.97190788, 40.79964293]]}, "properties": {"block_id": "106869", "borough": "Manhattan", "shade_score": 0.153}}, {"type": "Feature", "geometry": {"type": "LineString", "coordinates": [[-73.98252093, 40.77721187], [-73.98240281, 40.77716483], [-73.98228468, 40.77711778]]}, "properties": {"block_id": "106262", "borough": "Manhattan", "shade_score": 0.999}}, {"type": "Feature", "geometry": {"type": "LineString", "coordinates": [[-73.97023715, 40.78896651], [-73.97043763, 40.78869033], [-73.97063812, 40.78841416]]}, "properties": {"block_id": "106569", "borough": "Manhattan", "shade_score": 0.0}}, {"type": "Feature", "geometry": {"type": "LineString", "coordinates": [[-73.97529679, 40.78954869], [-73.97509633, 40.78982572], [-73.97489587, 40.79010275]]}, "properties": {"block_id": "106619", "borough": "Manhattan", "shade_score": 0.0}}, {"type": "Feature", "geometry": {"type": "LineString", "coordinates": [[-73.98140191, 40.78610476], [-73.98086424, 40.78587812], [-73.98032657, 40.78565148]]}, "properties": {"block_id": "106494", "borough": "Manhattan", "shade_score": 0.913}}, {"type": "Feature", "geometry": {"type": "LineString", "coordinates": [[-73.97092298, 40.79344493], [-73.97149552, 40.79368735], [-73.97206805, 40.79392977]]}, "properties": {"block_id": "106737", "borough": "Manhattan", "shade_score": 0.374}}, {"type": "Feature", "geometry": {"type": "LineString", "coordinates": [[-73.97463688, 40.78835925], [-73.97484622, 40.78807193], [-73.97505556, 40.78778462]]}, "properties": {"block_id": "106581", "borough": "Manhattan", "shade_score": 0.833}}, {"type": "Feature", "geometry": {"type": "LineString", "coordinates": [[-73.97622313, 40.79477173], [-73.9752499, 40.79436115], [-73.97427666, 40.79395057]]}, "properties": {"block_id": "106731", "borough": "Manhattan", "shade_score": 0.941}}, {"type": "Feature", "geometry": {"type": "LineString", "coordinates": [[-73.96571629, 40.79041412], [-73.96703061, 40.79098453], [-73.96835881, 40.79152533]]}, "properties": {"block_id": "107082", "borough": "Manhattan", "shade_score": 0.49}}, {"type": "Feature", "geometry": {"type": "LineString", "coordinates": [[-73.98196746, 40.77125106], [-73.98195732, 40.77088598], [-73.98194718, 40.7705209]]}, "properties": {"block_id": "106106", "borough": "Manhattan", "shade_score": 0.511}}, {"type": "Feature", "geometry": {"type": "LineString", "coordinates": [[-73.98617438, 40.77216773], [-73.98636667, 40.77190828], [-73.98655896, 40.77164882]]}, "properties": {"block_id": "106121", "borough": "Manhattan", "shade_score": 0.089}}, {"type": "Feature", "geometry": {"type": "LineString", "coordinates": [[-73.97097388, 40.793377], [-73.97117912, 40.79309851], [-73.97138437, 40.79282001]]}, "properties": {"block_id": "106725", "borough": "Manhattan", "shade_score": 0.357}}, {"type": "Feature", "geometry": {"type": "LineString", "coordinates": [[-73.97051297, 40.7940131], [-73.97071798, 40.79372902], [-73.97092298, 40.79344493]]}, "properties": {"block_id": "106740", "borough": "Manhattan", "shade_score": 0.328}}, {"type": "Feature", "geometry": {"type": "LineString", "coordinates": [[-73.98063238, 40.76997694], [-73.98043455, 40.77024907], [-73.98023673, 40.7705212]]}, "properties": {"block_id": "106104", "borough": "Manhattan", "shade_score": 0.83}}, {"type": "Feature", "geometry": {"type": "LineString", "coordinates": [[-73.96931923, 40.79021108], [-73.96799855, 40.78965845], [-73.96667788, 40.78910581]]}, "properties": {"block_id": "106608", "borough": "Manhattan", "shade_score": 0.58}}, {"type": "Feature", "geometry": {"type": "LineString", "coordinates": [[-73.97256748, 40.79086055], [-73.97124204, 40.79029931], [-73.9699166, 40.78973807]]}, "properties": {"block_id": "106657", "borough": "Manhattan", "shade_score": 0.601}}, {"type": "Feature", "geometry": {"type": "LineString", "coordinates": [[-73.96964404, 40.7978687], [-73.97022787, 40.79811549], [-73.97081171, 40.79836228]]}, "properties": {"block_id": "106840", "borough": "Manhattan", "shade_score": 0.883}}, {"type": "Feature", "geometry": {"type": "LineString", "coordinates": [[-73.98200605, 40.77866693], [-73.98189097, 40.7786178], [-73.9817759, 40.77856866]]}, "properties": {"block_id": "106299", "borough": "Manhattan", "shade_score": 0.881}}, {"type": "Feature", "geometry": {"type": "LineString", "coordinates": [[-73.97605272, 40.78133453], [-73.97584319, 40.78162194], [-73.97563367, 40.78190935]]}, "properties": {"block_id": "106382", "borough": "Manhattan", "shade_score": 0.772}}, {"type": "Feature", "geometry": {"type": "LineString", "coordinates": [[-73.98054042, 40.77483693], [-73.97921876, 40.77428054], [-73.9778971, 40.77372415]]}, "properties": {"block_id": "106181", "borough": "Manhattan", "shade_score": 0.627}}, {"type": "Feature", "geometry": {"type": "LineString", "coordinates": [[-73.98169864, 40.78030527], [-73.98179059, 40.77997548], [-73.98188255, 40.77964569]]}, "properties": {"block_id": "106346", "borough": "Manhattan", "shade_score": 0.813}}, {"type": "Feature", "geometry": {"type": "LineString", "coordinates": [[-73.97337679, 40.79274912], [-73.97358196, 40.79246997], [-73.97378712, 40.79219082]]}, "properties": {"block_id": "106700", "borough": "Manhattan", "shade_score": 0.731}}, {"type": "Feature", "geometry": {"type": "LineString", "coordinates": [[-73.98527543, 40.781078], [-73.98514466, 40.78139155], [-73.98501388, 40.7817051]]}, "properties": {"block_id": "106363", "borough": "Manhattan", "shade_score": 0.0}}, {"type": "Feature", "geometry": {"type": "LineString", "coordinates": [[-73.96799214, 40.78729641], [-73.96779265, 40.78757302], [-73.96759316, 40.78784962]]}, "properties": {"block_id": "106567", "borough": "Manhattan", "shade_score": 0.859}}, {"type": "Feature", "geometry": {"type": "LineString", "coordinates": [[-73.9783661, 40.78324937], [-73.97815641, 40.78353766], [-73.97794673, 40.78382595]]}, "properties": {"block_id": "106433", "borough": "Manhattan", "shade_score": 0.656}}, {"type": "Feature", "geometry": {"type": "LineString", "coordinates": [[-73.97102492, 40.79598587], [-73.97122751, 40.79571094], [-73.97143009, 40.795436]]}, "properties": {"block_id": "106784", "borough": "Manhattan", "shade_score": 0.909}}, {"type": "Feature", "geometry": {"type": "LineString", "coordinates": [[-73.98337908, 40.77603733], [-73.983177, 40.77631572], [-73.98297491, 40.77659411]]}, "properties": {"block_id": "106230", "borough": "Manhattan", "shade_score": 0.0}}, {"type": "Feature", "geometry": {"type": "LineString", "coordinates": [[-73.9763651, 40.78056186], [-73.97657318, 40.7802719], [-73.97678126, 40.77998195]]}, "properties": {"block_id": "106329", "borough": "Manhattan", "shade_score": 0.0}}, {"type": "Feature", "geometry": {"type": "LineString", "coordinates": [[-73.97678126, 40.77998195], [-73.9754601, 40.7794274], [-73.97413893, 40.77887285]]}, "properties": {"block_id": "106330", "borough": "Manhattan", "shade_score": 0.228}}, {"type": "Feature", "geometry": {"type": "LineString", "coordinates": [[-73.97787507, 40.78638425], [-73.97766797, 40.78665889], [-73.97746088, 40.78693353]]}, "properties": {"block_id": "106516", "borough": "Manhattan", "shade_score": 0.0}}, {"type": "Feature", "geometry": {"type": "LineString", "coordinates": [[-73.97977706, 40.77115396], [-73.9799759, 40.77087741], [-73.98017474, 40.77060087]]}, "properties": {"block_id": "106115", "borough": "Manhattan", "shade_score": 1.0}}, {"type": "Feature", "geometry": {"type": "LineString", "coordinates": [[-73.97563367, 40.78190935], [-73.97695767, 40.78246855], [-73.97828168, 40.78302776]]}, "properties": {"block_id": "106383", "borough": "Manhattan", "shade_score": 0.956}}, {"type": "Feature", "geometry": {"type": "LineString", "coordinates": [[-73.97342921, 40.79791071], [-73.97264535, 40.79758255], [-73.97186149, 40.79725439]]}, "properties": {"block_id": "106834", "borough": "Manhattan", "shade_score": 0.736}}, {"type": "Feature", "geometry": {"type": "LineString", "coordinates": [[-73.98235371, 40.77551013], [-73.982367, 40.77515595], [-73.9823803, 40.77480178]]}, "properties": {"block_id": "106212", "borough": "Manhattan", "shade_score": 0.9}}, {"type": "Feature", "geometry": {"type": "LineString", "coordinates": [[-73.98136674, 40.78015932], [-73.98108032, 40.78003889], [-73.9807939, 40.77991845]]}, "properties": {"block_id": "106333", "borough": "Manhattan", "shade_score": 0.762}}, {"type": "Feature", "geometry": {"type": "LineString", "coordinates": [[-73.98169353, 40.7735967], [-73.98185782, 40.77336979], [-73.9820221, 40.77314287]]}, "properties": {"block_id": "106162", "borough": "Manhattan", "shade_score": 0.0}}, {"type": "Feature", "geometry": {"type": "LineString", "coordinates": [[-73.96845424, 40.78666199], [-73.96825351, 40.78693871], [-73.96805278, 40.78721544]]}, "properties": {"block_id": "106547", "borough": "Manhattan", "shade_score": 0.996}}, {"type": "Feature", "geometry": {"type": "LineString", "coordinates": [[-73.97148079, 40.7953487], [-73.97169953, 40.79507162], [-73.97191828, 40.79479454]]}, "properties": {"block_id": "106765", "borough": "Manhattan", "shade_score": 0.924}}, {"type": "Feature", "geometry": {"type": "LineString", "coordinates": [[-73.97403423, 40.79652838], [-73.973799, 40.79678312], [-73.97363519, 40.79708808]]}, "properties": {"block_id": "107065", "borough": "Manhattan", "shade_score": 0.056}}, {"type": "Feature", "geometry": {"type": "LineString", "coordinates": [[-73.98190729, 40.77296062], [-73.98058654, 40.77240487], [-73.9792658, 40.77184912]]}, "properties": {"block_id": "106133", "borough": "Manhattan", "shade_score": 0.599}}, {"type": "Feature", "geometry": {"type": "LineString", "coordinates": [[-73.96747807, 40.79273833], [-73.96615788, 40.79218172], [-73.96483769, 40.79162511]]}, "properties": {"block_id": "106687", "borough": "Manhattan", "shade_score": 0.786}}, {"type": "Feature", "geometry": {"type": "LineString", "coordinates": [[-73.98080079, 40.78917848], [-73.98092653, 40.78886013], [-73.98097967, 40.78851468]]}, "properties": {"block_id": "107005", "borough": "Manhattan", "shade_score": 0.014}}, {"type": "Feature", "geometry": {"type": "LineString", "coordinates": [[-73.97789903, 40.77879795], [-73.97769289, 40.77907949], [-73.97748675, 40.77936103]]}, "properties": {"block_id": "106319", "borough": "Manhattan", "shade_score": 0.494}}, {"type": "Feature", "geometry": {"type": "LineString", "coordinates": [[-73.97967834, 40.78111122], [-73.97988438, 40.78082943], [-73.98009042, 40.78054765]]}, "properties": {"block_id": "106337", "borough": "Manhattan", "shade_score": 0.408}}, {"type": "Feature", "geometry": {"type": "LineString", "coordinates": [[-73.97934606, 40.78699516], [-73.98020551, 40.78735651], [-73.98106496, 40.78771787]]}, "properties": {"block_id": "106551", "borough": "Manhattan", "shade_score": 0.467}}, {"type": "Feature", "geometry": {"type": "LineString", "coordinates": [[-73.97613607, 40.7889881], [-73.97637191, 40.78871423], [-73.97660774, 40.78844036]]}, "properties": {"block_id": "106601", "borough": "Manhattan", "shade_score": 0.686}}, {"type": "Feature", "geometry": {"type": "LineString", "coordinates": [[-73.96900003, 40.79099419], [-73.96879208, 40.791278], [-73.96858413, 40.79156181]]}, "properties": {"block_id": "106669", "borough": "Manhattan", "shade_score": 0.995}}, {"type": "Feature", "geometry": {"type": "LineString", "coordinates": [[-73.98013299, 40.78557657], [-73.97966145, 40.78537821], [-73.97918991, 40.78517985]]}, "properties": {"block_id": "106487", "borough": "Manhattan", "shade_score": 0.915}}, {"type": "Feature", "geometry": {"type": "LineString", "coordinates": [[-73.98252258, 40.7823078], [-73.98188238, 40.78204083], [-73.98124219, 40.78177387]]}, "properties": {"block_id": "106376", "borough": "Manhattan", "shade_score": 0.929}}, {"type": "Feature", "geometry": {"type": "LineString", "coordinates": [[-73.98121577, 40.78185198], [-73.98184051, 40.78211623], [-73.98246526, 40.78238049]]}, "properties": {"block_id": "106394", "borough": "Manhattan", "shade_score": 0.848}}, {"type": "Feature", "geometry": {"type": "LineString", "coordinates": [[-73.97018264, 40.78902943], [-73.96998178, 40.78931013], [-73.96978093, 40.78959083]]}, "properties": {"block_id": "106587", "borough": "Manhattan", "shade_score": 0.005}}, {"type": "Feature", "geometry": {"type": "LineString", "coordinates": [[-73.98066224, 40.78235713], [-73.9807726, 40.78203474], [-73.98088296, 40.78171235]]}, "properties": {"block_id": "106387", "borough": "Manhattan", "shade_score": 0.0}}, {"type": "Feature", "geometry": {"type": "LineString", "coordinates": [[-73.97183833, 40.79219324], [-73.97242221, 40.79243806], [-73.9730061, 40.79268288]]}, "properties": {"block_id": "106701", "borough": "Manhattan", "shade_score": 0.6}}, {"type": "Feature", "geometry": {"type": "LineString", "coordinates": [[-73.96953092, 40.79535666], [-73.96973641, 40.79507868], [-73.9699419, 40.79480069]]}, "properties": {"block_id": "106769", "borough": "Manhattan", "shade_score": 0.394}}, {"type": "Feature", "geometry": {"type": "LineString", "coordinates": [[-73.97931967, 40.79124813], [-73.97899981, 40.79148949], [-73.97864616, 40.79167972]]}, "properties": {"block_id": "107069", "borough": "Manhattan", "shade_score": 0.027}}, {"type": "Feature", "geometry": {"type": "LineString", "coordinates": [[-73.98916323, 40.77356707], [-73.9889664, 40.77383648], [-73.98876957, 40.77410588]]}, "properties": {"block_id": "106183", "borough": "Manhattan", "shade_score": 0.988}}, {"type": "Feature", "geometry": {"type": "LineString", "coordinates": [[-73.9690711, 40.79598978], [-73.96927705, 40.79570852], [-73.969483, 40.79542726]]}, "properties": {"block_id": "106780", "borough": "Manhattan", "shade_score": 0.385}}, {"type": "Feature", "geometry": {"type": "LineString", "coordinates": [[-73.98922003, 40.77348663], [-73.98950182, 40.77360639], [-73.98978361, 40.77372615]]}, "properties": {"block_id": "106169", "borough": "Manhattan", "shade_score": 0.993}}, {"type": "Feature", "geometry": {"type": "LineString", "coordinates": [[-73.96723965, 40.79850005], [-73.96782688, 40.79874572], [-73.9684141, 40.79899138]]}, "properties": {"block_id": "106887", "borough": "Manhattan", "shade_score": 0.569}}, {"type": "Feature", "geometry": {"type": "LineString", "coordinates": [[-73.98234218, 40.77141201], [-73.98233303, 40.77105053], [-73.98232387, 40.77068905]]}, "properties": {"block_id": "106119", "borough": "Manhattan", "shade_score": 0.909}}, {"type": "Feature", "geometry": {"type": "LineString", "coordinates": [[-73.98660985, 40.77157552], [-73.98632121, 40.77145328], [-73.98603945, 40.77132724]]}, "properties": {"block_id": "112010", "borough": "Manhattan", "shade_score": 0.441}}, {"type": "Feature", "geometry": {"type": "LineString", "coordinates": [[-73.98723414, 40.77112008], [-73.9870345, 40.77139497], [-73.98683485, 40.77166986]]}, "properties": {"block_id": "106126", "borough": "Manhattan", "shade_score": 0.483}}, {"type": "Feature", "geometry": {"type": "LineString", "coordinates": [[-73.98159295, 40.77849053], [-73.98026524, 40.77793066], [-73.97893754, 40.77737079]]}, "properties": {"block_id": "106294", "borough": "Manhattan", "shade_score": 0.833}}, {"type": "Feature", "geometry": {"type": "LineString", "coordinates": [[-73.97627047, 40.79396591], [-73.97634311, 40.79363555], [-73.97651605, 40.79334346]]}, "properties": {"block_id": "107062", "borough": "Manhattan", "shade_score": 0.006}}, {"type": "Feature", "geometry": {"type": "LineString", "coordinates": [[-73.97921691, 40.77664804], [-73.97942158, 40.77636906], [-73.97962626, 40.77609009]]}, "properties": {"block_id": "106219", "borough": "Manhattan", "shade_score": 0.004}}, {"type": "Feature", "geometry": {"type": "LineString", "coordinates": [[-73.97610327, 40.77617785], [-73.9763138, 40.77589102], [-73.97652433, 40.7756042]]}, "properties": {"block_id": "106244", "borough": "Manhattan", "shade_score": 0.988}}, {"type": "Feature", "geometry": {"type": "LineString", "coordinates": [[-73.98078632, 40.78502301], [-73.9809963, 40.78473455], [-73.98120629, 40.7844461]]}, "properties": {"block_id": "106476", "borough": "Manhattan", "shade_score": 0.784}}, {"type": "Feature", "geometry": {"type": "LineString", "coordinates": [[-73.98026659, 40.78573281], [-73.98080526, 40.78595933], [-73.98134394, 40.78618585]]}, "properties": {"block_id": "106512", "borough": "Manhattan", "shade_score": 0.248}}, {"type": "Feature", "geometry": {"type": "LineString", "coordinates": [[-73.97657324, 40.79327192], [-73.97588054, 40.79298255], [-73.97518783, 40.79269318]]}, "properties": {"block_id": "106712", "borough": "Manhattan", "shade_score": 0.957}}, {"type": "Feature", "geometry": {"type": "LineString", "coordinates": [[-73.96886475, 40.79836463], [-73.96906976, 40.7980847], [-73.96927477, 40.79780477]]}, "properties": {"block_id": "106837", "borough": "Manhattan", "shade_score": 0.0}}, {"type": "Feature", "geometry": {"type": "LineString", "coordinates": [[-73.9893191, 40.77607977], [-73.98941688, 40.77611885], [-73.98951466, 40.77615794]]}, "properties": {"block_id": "106233", "borough": "Manhattan", "shade_score": 0.366}}, {"type": "Feature", "geometry": {"type": "LineString", "coordinates": [[-73.97683518, 40.77991652], [-73.97551472, 40.77936045], [-73.97419427, 40.77880438]]}, "properties": {"block_id": "106326", "borough": "Manhattan", "shade_score": 0.932}}, {"type": "Feature", "geometry": {"type": "LineString", "coordinates": [[-73.97273708, 40.78586911], [-73.97406646, 40.78642893], [-73.97539585, 40.78698875]]}, "properties": {"block_id": "106519", "borough": "Manhattan", "shade_score": 0.21}}, {"type": "Feature", "geometry": {"type": "LineString", "coordinates": [[-73.98789079, 40.7795801], [-73.98770349, 40.77986137], [-73.98751619, 40.78014264]]}, "properties": {"block_id": "106301", "borough": "Manhattan", "shade_score": 0.08}}, {"type": "Feature", "geometry": {"type": "LineString", "coordinates": [[-73.97449643, 40.79331358], [-73.97429971, 40.79359275], [-73.974103, 40.79387193]]}, "properties": {"block_id": "106719", "borough": "Manhattan", "shade_score": 0.06}}, {"type": "Feature", "geometry": {"type": "LineString", "coordinates": [[-73.97729705, 40.77928309], [-73.97597579, 40.77872434], [-73.97465454, 40.7781656]]}, "properties": {"block_id": "106312", "borough": "Manhattan", "shade_score": 0.881}}, {"type": "Feature", "geometry": {"type": "LineString", "coordinates": [[-73.97237116, 40.79655584], [-73.97257405, 40.79627755], [-73.97277693, 40.79599926]]}, "properties": {"block_id": "106794", "borough": "Manhattan", "shade_score": 0.905}}, {"type": "Feature", "geometry": {"type": "LineString", "coordinates": [[-73.97725372, 40.78768197], [-73.97748417, 40.78741036], [-73.97771461, 40.78713876]]}, "properties": {"block_id": "106562", "borough": "Manhattan", "shade_score": 0.711}}, {"type": "Feature", "geometry": {"type": "LineString", "coordinates": [[-73.96974338, 40.7947336], [-73.96908401, 40.79563599], [-73.96842464, 40.79653839]]}, "properties": {"block_id": "106776", "borough": "Manhattan", "shade_score": 0.0}}, {"type": "Feature", "geometry": {"type": "LineString", "coordinates": [[-73.97585618, 40.78635606], [-73.97564961, 40.78663816], [-73.97544305, 40.78692028]]}, "properties": {"block_id": "106501", "borough": "Manhattan", "shade_score": 0.0}}, {"type": "Feature", "geometry": {"type": "LineString", "coordinates": [[-73.98195022, 40.7728858], [-73.98200892, 40.77254473], [-73.98200042, 40.7721807]]}, "properties": {"block_id": "107055", "borough": "Manhattan", "shade_score": 0.024}}]}